"Year","Month","Month_N","Quarter","Trading_Days","Avg_Close","Max_Close","Min_Close","Avg_Volume","Avg_Daily_Return","MoM_Return_Pct"
1927,"December",12,"Q4",1,17.66,17.66,17.66,0,0,0
1928,"January",1,"Q1",21,17.52,17.76,17.26,0,0,-1.07
1928,"February",2,"Q1",19,17.32,17.63,16.95,0,0,-1.54
1928,"March",3,"Q1",22,18.23,19.28,17.3,0,0,11.45
1928,"April",4,"Q2",20,19.37,19.75,18.91,0,0,4.44
1928,"May",5,"Q2",22,20,20.44,19.36,0,0,1.11
1928,"June",6,"Q2",21,18.99,20.07,18.34,0,0,-4.63
1928,"July",7,"Q3",21,19.16,19.48,18.7,0,0,2.37
1928,"August",8,"Q3",23,19.79,20.87,19.13,0,0,7.47
1928,"September",9,"Q3",19,21.17,21.43,20.92,0,0,0.81
1928,"October",10,"Q4",22,21.6,22,21.11,0,0,1.5
1928,"November",11,"Q4",20,23.1,24.28,21.95,0,0,10.41
1928,"December",12,"Q4",20,23.14,24.35,22.31,0,0,2.1
1929,"January",1,"Q1",22,24.87,25.74,24.17,0,0,3.75
1929,"February",2,"Q1",18,24.99,25.84,24.35,0,0,-0.97
1929,"March",3,"Q1",20,25.4,26.08,24.35,0,0,-1.16
1929,"April",4,"Q2",22,25.27,25.94,24.63,0,0,4.26
1929,"May",5,"Q2",22,25.61,26.37,24.2,0,0,-4.46
1929,"June",6,"Q2",20,26.15,27.41,25.27,0,0,8.47
1929,"July",7,"Q3",22,28.46,28.88,27.77,0,0,4
1929,"August",8,"Q3",22,30.12,31.71,28.38,0,0,9.04
1929,"September",9,"Q3",20,31.3,31.86,30.16,0,0,-5.22
1929,"October",10,"Q4",23,27.99,30.81,20.43,0,0,-19.45
1929,"November",11,"Q4",17,20.58,22.88,17.66,0,0,-8.57
1929,"December",12,"Q4",21,21.39,22.57,20.16,0,0,2.39
1930,"January",1,"Q1",22,21.72,22.79,21.18,0,0,7.6
1930,"February",2,"Q1",19,23.08,23.36,22.64,0,0,2.37
1930,"March",3,"Q1",21,23.91,24.85,23.36,0,0,3.38
1930,"April",4,"Q2",21,25.43,25.92,24.73,0,0,-1.85
1930,"May",5,"Q2",21,23.95,24.57,22.98,0,0,0.78
1930,"June",6,"Q2",21,21.6,24.4,19.39,0,0,-16.15
1930,"July",7,"Q3",22,21.02,21.82,19.83,0,0,4.79
1930,"August",8,"Q3",21,20.8,21.52,19.88,0,0,1.23
1930,"September",9,"Q3",21,20.77,21.86,18.59,0,0,-13.05
1930,"October",10,"Q4",22,17.93,19.42,16.9,0,0,-12.77
1930,"November",11,"Q4",18,16.59,17.2,15.54,0,0,-4.38
1930,"December",12,"Q4",22,15.55,16.96,14.44,0,0,-8.69
1931,"January",1,"Q1",21,15.92,16.42,15.09,0,0,2.15
1931,"February",2,"Q1",18,17.16,18.17,16.16,0,0,11.57
1931,"March",3,"Q1",22,17.54,18.06,16.66,0,0,-4.74
1931,"April",4,"Q2",21,15.83,16.72,14.37,0,0,-8.66
1931,"May",5,"Q2",21,14.29,15.44,13.02,0,0,-11.13
1931,"June",6,"Q2",22,13.84,15.35,12.2,0,0,19.6
1931,"July",7,"Q3",23,14.35,15.26,13.73,0,0,-8.89
1931,"August",8,"Q3",21,13.89,14.29,13.55,0,0,-0.5
1931,"September",9,"Q3",21,11.89,13.92,9.71,0,0,-30.24
1931,"October",10,"Q4",21,10.22,10.96,8.82,0,0,9.44
1931,"November",11,"Q4",19,10.42,11.52,9.31,0,0,-9.52
1931,"December",12,"Q4",22,8.41,9.38,7.72,0,0,-13.43
1932,"January",1,"Q1",20,8.33,8.92,7.55,0,0,5.03
1932,"February",2,"Q1",19,8.2,8.84,7.5,0,0,0.73
1932,"March",3,"Q1",22,8.25,8.98,7.31,0,0,-12.46
1932,"April",4,"Q2",21,6.27,7.18,5.83,0,0,-18.8
1932,"May",5,"Q2",21,5.52,6.09,4.47,0,0,-22.13
1932,"June",6,"Q2",22,4.75,5.12,4.4,0,0,0.68
1932,"July",7,"Q3",20,4.97,6.03,4.41,0,0,31.09
1932,"August",8,"Q3",23,7.52,8.58,5.87,0,0,37.32
1932,"September",9,"Q3",21,8.22,9.31,7.34,0,0,-4.6
1932,"October",10,"Q4",20,7.11,8.06,6.42,0,0,-13.65
1932,"November",11,"Q4",20,7.02,7.68,6.48,0,0,-3.11
1932,"December",12,"Q4",21,6.82,7.12,6.47,0,0,2.82
1933,"January",1,"Q1",21,7.09,7.34,6.83,0,0,1.61
1933,"February",2,"Q1",18,6.25,6.76,5.53,0,0,-15.14
1933,"March",3,"Q1",16,6.2,6.93,5.65,0,0,1.39
1933,"April",4,"Q2",19,6.87,7.91,5.87,0,0,33.39
1933,"May",5,"Q2",22,8.87,9.78,8.34,0,0,14.35
1933,"June",6,"Q2",22,10.42,10.98,9.74,0,0,12.01
1933,"July",7,"Q3",20,11.24,12.2,9.65,0,0,-14.37
1933,"August",8,"Q3",23,10.67,11.28,10.05,0,0,8.2
1933,"September",9,"Q3",20,10.6,11.23,9.65,0,0,-13.45
1933,"October",10,"Q4",21,9.56,10.32,8.61,0,0,-6.86
1933,"November",11,"Q4",20,9.76,10.23,9.12,0,0,8.33
1933,"December",12,"Q4",20,9.96,10.31,9.55,0,0,0.61
1934,"January",1,"Q1",22,10.56,11.33,9.76,0,0,10.48
1934,"February",2,"Q1",18,11.32,11.82,10.69,0,0,-6.11
1934,"March",3,"Q1",21,10.73,11.07,10.42,0,0,-0.93
1934,"April",4,"Q2",21,10.91,11.16,10.46,0,0,-2.79
1934,"May",5,"Q2",22,9.82,10.46,9.45,0,0,-8.13
1934,"June",6,"Q2",21,9.94,10.37,9.38,0,0,4.58
1934,"July",7,"Q3",21,9.46,9.99,8.36,0,0,-10.42
1934,"August",8,"Q3",23,9.1,9.52,8.69,0,0,2.23
1934,"September",9,"Q3",19,8.86,9.21,8.45,0,0,0.22
1934,"October",10,"Q4",22,8.95,9.19,8.76,0,0,-0.23
1934,"November",11,"Q4",19,9.19,9.54,8.77,0,0,8.78
1934,"December",12,"Q4",20,9.25,9.56,9.02,0,0,0.96
1935,"January",1,"Q1",22,9.25,9.58,8.96,0,0,-4.31
1935,"February",2,"Q1",18,8.97,9.34,8.74,0,0,-3.43
1935,"March",3,"Q1",21,8.39,8.79,8.06,0,0,-3.87
1935,"April",4,"Q2",21,8.97,9.44,8.22,0,0,8.67
1935,"May",5,"Q2",22,9.71,10.07,9.15,0,0,3.79
1935,"June",6,"Q2",20,10.12,10.47,9.67,0,0,5.89
1935,"July",7,"Q3",22,10.65,11.08,10.28,0,0,7.78
1935,"August",8,"Q3",22,11.32,11.67,10.62,0,0,1.81
1935,"September",9,"Q3",20,11.61,11.92,11.21,0,0,3.39
1935,"October",10,"Q4",23,11.9,12.46,11.1,0,0,8.54
1935,"November",11,"Q4",18,13.05,13.46,12.61,0,0,2.62
1935,"December",12,"Q4",21,13.07,13.43,12.75,0,0,5.33
1936,"January",1,"Q1",22,13.77,14.31,13.4,0,0,6.79
1936,"February",2,"Q1",19,14.57,14.87,14.32,0,0,1.11
1936,"March",3,"Q1",22,14.86,15.1,14.24,0,0,1.02
1936,"April",4,"Q2",21,14.85,15.51,13.53,0,0,-9.35
1936,"May",5,"Q2",21,14.09,14.45,13.82,0,0,3.82
1936,"June",6,"Q2",22,14.69,15.16,14.12,0,0,3.13
1936,"July",7,"Q3",23,15.53,16.15,14.81,0,0,6.38
1936,"August",8,"Q3",21,15.87,16.2,15.32,0,0,0.5
1936,"September",9,"Q3",21,16.01,16.29,15,0,0,0.38
1936,"October",10,"Q4",21,16.87,17.23,16.04,0,0,7.42
1936,"November",11,"Q4",18,17.35,17.69,16.89,0,0,0.64
1936,"December",12,"Q4",22,17.07,17.32,16.65,0,0,0.23
1937,"January",1,"Q1",20,17.58,17.96,16.93,0,0,4.96
1937,"February",2,"Q1",18,18.09,18.37,17.86,0,0,1.01
1937,"March",3,"Q1",22,18.09,18.67,17.22,0,0,-0.94
1937,"April",4,"Q2",22,17,17.71,15.99,0,0,-7.23
1937,"May",5,"Q2",20,16.23,16.73,15.62,0,0,-1.28
1937,"June",6,"Q2",22,15.64,16.28,15.12,0,0,-3.51
1937,"July",7,"Q3",21,16.54,17.06,15.47,0,0,8.4
1937,"August",8,"Q3",22,16.74,17.27,15.88,0,0,-6.03
1937,"September",9,"Q3",21,14.38,15.61,13.2,0,0,-11.85
1937,"October",10,"Q4",20,12.25,13.72,10.76,0,0,-9.99
1937,"November",11,"Q4",19,11.19,12.08,10.17,0,0,-8.03
1937,"December",12,"Q4",23,10.99,11.42,10.31,0,0,-3.83
1938,"January",1,"Q1",21,11.31,11.95,10.52,0,0,1.62
1938,"February",2,"Q1",19,11.01,11.68,10.34,0,0,4.13
1938,"March",3,"Q1",23,10.31,11.46,8.5,0,0,-25.83
1938,"April",4,"Q2",20,9.85,10.45,8.91,0,0,9.76
1938,"May",5,"Q2",21,9.97,10.63,9.27,0,0,-3.34
1938,"June",6,"Q2",22,10.23,11.72,9.42,0,0,20.79
1938,"July",7,"Q3",20,12.23,12.8,11.73,0,0,3.53
1938,"August",8,"Q3",23,12.3,12.73,11.85,0,0,-1.55
1938,"September",9,"Q3",21,11.76,12.41,10.99,0,0,2.68
1938,"October",10,"Q4",20,13.11,13.91,12.48,0,0,5.19
1938,"November",11,"Q4",19,13.05,13.79,12.37,0,0,-2.82
1938,"December",12,"Q4",21,12.68,13.14,12.32,0,0,4.2
1939,"January",1,"Q1",21,12.51,13.23,11.53,0,0,-5.96
1939,"February",2,"Q1",18,12.38,12.7,12.12,0,0,4.79
1939,"March",3,"Q1",23,12.37,13.1,10.98,0,0,-13.54
1939,"April",4,"Q2",19,10.82,11.26,10.42,0,0,-2.93
1939,"May",5,"Q2",22,11.22,11.65,10.86,0,0,6.81
1939,"June",6,"Q2",22,11.42,11.8,10.79,0,0,-4.9
1939,"July",7,"Q3",20,11.73,12.18,11,0,0,9.45
1939,"August",8,"Q3",23,11.53,12.16,10.86,0,0,-7.14
1939,"September",9,"Q3",20,12.81,13.17,11.3,0,0,13.19
1939,"October",10,"Q4",21,12.9,13.21,12.73,0,0,-0.39
1939,"November",11,"Q4",20,12.66,12.95,12.2,0,0,-4.84
1939,"December",12,"Q4",20,12.36,12.46,12.19,0,0,1.38
1940,"January",1,"Q1",22,12.31,12.77,12.05,0,0,-4.59
1940,"February",2,"Q1",19,12.22,12.37,12.04,0,0,0.66
1940,"March",3,"Q1",20,12.15,12.27,12,0,0,1
1940,"April",4,"Q2",22,12.27,12.59,12.04,0,0,-0.16
1940,"May",5,"Q2",22,10.55,12.12,9.14,0,0,-22.94
1940,"June",6,"Q2",20,9.66,10.1,8.99,0,0,9.55
1940,"July",7,"Q3",22,10,10.33,9.85,0,0,4.26
1940,"August",8,"Q3",22,10.18,10.5,9.84,0,0,2.34
1940,"September",9,"Q3",20,10.63,10.93,10.3,0,0,0.95
1940,"October",10,"Q4",23,10.72,11.08,10.47,0,0,2.5
1940,"November",11,"Q4",18,10.98,11.39,10.56,0,0,-4.6
1940,"December",12,"Q4",21,10.53,10.69,10.38,0,0,-0.38
1941,"January",1,"Q1",22,10.54,10.86,10.04,0,0,-3.91
1941,"February",2,"Q1",19,9.88,10.19,9.53,0,0,-0.4
1941,"March",3,"Q1",21,9.96,10.1,9.76,0,0,1.94
1941,"April",4,"Q2",21,9.64,10.16,9.31,0,0,-6.62
1941,"May",5,"Q2",21,9.43,9.56,9.3,0,0,0.86
1941,"June",6,"Q2",21,9.76,9.95,9.36,0,0,5.24
1941,"July",7,"Q3",22,10.27,10.47,9.82,0,0,5.8
1941,"August",8,"Q3",21,10.22,10.36,10.03,0,0,-0.58
1941,"September",9,"Q3",21,10.24,10.47,10.09,0,0,-1.35
1941,"October",10,"Q4",22,9.81,10.17,9.5,0,0,-6.59
1941,"November",11,"Q4",17,9.37,9.66,9.12,0,0,-4.9
1941,"December",12,"Q4",22,8.76,9.38,8.37,0,0,-4.19
1942,"January",1,"Q1",21,8.94,9.09,8.81,0,0,-0.45
1942,"February",2,"Q1",18,8.65,8.97,8.46,0,0,-2.83
1942,"March",3,"Q1",22,8.19,8.6,7.98,0,0,-5.43
1942,"April",4,"Q2",21,7.84,8.2,7.47,0,0,-4.84
1942,"May",5,"Q2",21,7.93,8.18,7.71,0,0,5.71
1942,"June",6,"Q2",22,8.32,8.53,8.18,0,0,1.34
1942,"July",7,"Q3",23,8.64,8.83,8.23,0,0,4.01
1942,"August",8,"Q3",21,8.59,8.73,8.46,0,0,0.58
1942,"September",9,"Q3",21,8.68,8.9,8.54,0,0,2.67
1942,"October",10,"Q4",21,9.31,9.48,8.92,0,0,4.93
1942,"November",11,"Q4",18,9.46,9.69,9.29,0,0,-2
1942,"December",12,"Q4",22,9.52,9.77,9.28,0,0,5.28
1943,"January",1,"Q1",20,10.09,10.44,9.89,0,0,5.24
1943,"February",2,"Q1",18,10.68,10.97,10.43,0,0,4.28
1943,"March",3,"Q1",23,11.07,11.59,10.84,0,0,6.04
1943,"April",4,"Q2",21,11.45,11.76,11.14,0,0,0
1943,"May",5,"Q2",20,11.89,12.05,11.7,0,0,1.95
1943,"June",6,"Q2",22,12.08,12.35,11.88,0,0,1.4
1943,"July",7,"Q3",21,12.36,12.64,11.85,0,0,-4.13
1943,"August",8,"Q3",22,11.74,11.92,11.47,0,0,2.88
1943,"September",9,"Q3",21,11.99,12.24,11.78,0,0,2.03
1943,"October",10,"Q4",20,11.87,12.09,11.67,0,0,-1.49
1943,"November",11,"Q4",19,11.33,11.92,10.99,0,0,-7.55
1943,"December",12,"Q4",23,11.48,11.69,11.13,0,0,4.85
1944,"January",1,"Q1",21,11.85,11.94,11.66,0,0,1.63
1944,"February",2,"Q1",20,11.77,11.89,11.56,0,0,-0.08
1944,"March",3,"Q1",23,12.1,12.31,11.87,0,0,1.26
1944,"April",4,"Q2",19,11.88,12.06,11.67,0,0,-0.75
1944,"May",5,"Q2",22,12.1,12.35,11.95,0,0,3.26
1944,"June",6,"Q2",22,12.68,13.02,12.23,0,0,5.44
1944,"July",7,"Q3",20,13.01,13.27,12.7,0,0,-3.05
1944,"August",8,"Q3",23,12.82,13.04,12.61,0,0,0.31
1944,"September",9,"Q3",20,12.6,12.86,12.35,0,0,-0.93
1944,"October",10,"Q4",21,12.9,13.07,12.73,0,0,-0.16
1944,"November",11,"Q4",20,12.82,12.98,12.67,0,0,0
1944,"December",12,"Q4",20,13.09,13.28,12.8,0,0,3.75
1945,"January",1,"Q1",22,13.49,13.69,13.21,0,0,1.05
1945,"February",2,"Q1",18,13.95,14.3,13.5,0,0,5.93
1945,"March",3,"Q1",21,13.94,14.38,13.39,0,0,-4.96
1945,"April",4,"Q2",21,14.27,14.84,13.67,0,0,7.77
1945,"May",5,"Q2",22,14.81,15.11,14.62,0,0,1.49
1945,"June",6,"Q2",21,15.09,15.37,14.87,0,0,-1.06
1945,"July",7,"Q3",21,14.78,15.1,14.38,0,0,-2.46
1945,"August",8,"Q3",21,14.83,15.51,14.4,0,0,5.65
1945,"September",9,"Q3",19,15.84,16.05,15.51,0,0,3.48
1945,"October",10,"Q4",22,16.49,16.72,16.3,0,0,1.96
1945,"November",11,"Q4",19,17.04,17.27,16.85,0,0,1.9
1945,"December",12,"Q4",19,17.32,17.68,16.94,0,0,-0.46
1946,"January",1,"Q1",22,18.04,18.67,17.23,0,0,7.65
1946,"February",2,"Q1",18,17.98,18.7,16.81,0,0,-7.3
1946,"March",3,"Q1",21,17.52,18.07,17.09,0,0,4.82
1946,"April",4,"Q2",21,18.65,18.9,18.06,0,0,3.88
1946,"May",5,"Q2",22,18.71,19.25,18.26,0,0,2.51
1946,"June",6,"Q2",20,18.58,19.05,18.03,0,0,-3.25
1946,"July",7,"Q3",22,18.05,18.54,17.39,0,0,-3.13
1946,"August",8,"Q3",22,17.7,18.23,16.65,0,0,-7.55
1946,"September",9,"Q3",20,15.07,15.99,14.33,0,0,-0.27
1946,"October",10,"Q4",23,14.75,15.3,14.12,0,0,-0.54
1946,"November",11,"Q4",18,14.67,15.33,14.13,0,0,-2.59
1946,"December",12,"Q4",21,15.12,15.5,14.44,0,0,5.96
1947,"January",1,"Q1",22,15.22,15.66,14.77,0,0,3.03
1947,"February",2,"Q1",19,15.78,16.14,15.3,0,0,-2.34
1947,"March",3,"Q1",21,15.16,15.65,14.78,0,0,-1.56
1947,"April",4,"Q2",21,14.6,15.23,14.09,0,0,-4.27
1947,"May",5,"Q2",21,14.32,14.85,13.77,0,0,-1.63
1947,"June",6,"Q2",21,14.84,15.24,14.3,0,0,6.36
1947,"July",7,"Q3",22,15.77,16.12,15.44,0,0,1.94
1947,"August",8,"Q3",21,15.46,15.8,15.22,0,0,-3.04
1947,"September",9,"Q3",21,15.06,15.37,14.85,0,0,-1.69
1947,"October",10,"Q4",22,15.45,15.79,15.16,0,0,1.78
1947,"November",11,"Q4",17,15.27,15.46,14.98,0,0,-3.1
1947,"December",12,"Q4",22,15.03,15.3,14.63,0,0,1.53
1948,"January",1,"Q1",21,14.83,15.34,14.32,0,0,-4.3
1948,"February",2,"Q1",18,14.1,14.71,13.85,0,0,-5.3
1948,"March",3,"Q1",22,14.28,15.08,13.84,0,0,7.18
1948,"April",4,"Q2",22,15.4,15.78,15.12,0,0,2.38
1948,"May",5,"Q2",20,16.17,16.69,15.5,0,0,6.99
1948,"June",6,"Q2",22,16.82,17.06,16.54,0,0,0
1948,"July",7,"Q3",21,16.42,16.92,15.72,0,0,-5.09
1948,"August",8,"Q3",22,15.94,16.15,15.67,0,0,0.76
1948,"September",9,"Q3",21,15.76,16.35,15.19,0,0,-4.15
1948,"October",10,"Q4",20,16.19,16.61,15.67,0,0,5.3
1948,"November",11,"Q4",19,15.31,16.7,14.75,0,0,-11.68
1948,"December",12,"Q4",23,15.18,15.33,15,0,0,1.27
1949,"January",1,"Q1",21,15.32,15.61,14.95,0,0,1.81
1949,"February",2,"Q1",19,14.78,15.35,14.38,0,0,-4.69
1949,"March",3,"Q1",23,14.91,15.22,14.65,0,0,2.38
1949,"April",4,"Q2",20,14.89,15.07,14.68,0,0,-1.54
1949,"May",5,"Q2",21,14.77,15.02,14.19,0,0,-3.99
1949,"June",6,"Q2",22,13.97,14.16,13.55,0,0,0.14
1949,"July",7,"Q3",20,14.76,15.06,14.26,0,0,5.47
1949,"August",8,"Q3",23,15.29,15.51,15.12,0,0,0.66
1949,"September",9,"Q3",21,15.49,15.74,15.19,0,0,1.76
1949,"October",10,"Q4",20,15.9,16.15,15.6,0,0,2.82
1949,"November",11,"Q4",19,16.1,16.33,15.75,0,0,-0.86
1949,"December",12,"Q4",21,16.54,16.79,16.15,0,0,3.96
1950,"January",1,"Q1",21,16.88,17.09,16.66,1846190,0,2.34
1950,"February",2,"Q1",18,17.19,17.32,16.99,1677778,0,1
1950,"March",3,"Q1",23,17.35,17.56,17.07,1628261,0,0.29
1950,"April",4,"Q2",19,17.85,18.05,17.53,2243684,0,2.45
1950,"May",5,"Q2",22,18.43,18.78,18.11,1919545,0,3.07
1950,"June",6,"Q2",22,18.74,19.4,17.44,2075455,0,-5.75
1950,"July",7,"Q3",20,17.38,17.91,16.68,2228500,0,1.13
1950,"August",8,"Q3",23,18.43,18.82,17.95,1691304,0,2.22
1950,"September",9,"Q3",20,19.08,19.45,18.54,1929500,0,4.85
1950,"October",10,"Q4",21,19.86,20.12,19.53,2151905,0,-0.81
1950,"November",11,"Q4",20,19.8,20.32,19.36,2042000,0,-0.26
1950,"December",12,"Q4",20,19.75,20.43,19,2763500,0,3.92
1951,"January",1,"Q1",22,21.2,21.74,20.69,2973636,0,4.29
1951,"February",2,"Q1",18,21.98,22.2,21.76,2070000,0,0.14
1951,"March",3,"Q1",21,21.62,21.95,21.25,1544286,0,-1.69
1951,"April",4,"Q2",21,21.88,22.43,21.26,1511905,0,5.21
1951,"May",5,"Q2",22,21.94,22.81,21.03,1644091,0,-4.48
1951,"June",6,"Q2",21,21.55,22.05,20.96,1724762,0,-2.42
1951,"July",7,"Q3",21,21.93,22.63,21.1,1332857,0,6.16
1951,"August",8,"Q3",23,22.89,23.28,22.51,1462174,0,3.42
1951,"September",9,"Q3",19,23.48,23.71,23.26,1916842,0,-0.09
1951,"October",10,"Q4",22,23.37,23.85,22.66,1784091,0,-2.26
1951,"November",11,"Q4",19,22.71,23.1,22.4,1241053,0,-0.95
1951,"December",12,"Q4",20,23.42,23.77,23.01,1378000,0,3.3
1952,"January",1,"Q1",22,24.18,24.66,23.74,1569091,0,1.43
1952,"February",2,"Q1",19,23.7,24.3,23.09,1325263,0,-4.28
1952,"March",3,"Q1",21,23.81,24.37,23.29,1265714,0,4.64
1952,"April",4,"Q2",21,23.73,24.18,23.32,1288571,0,-3.56
1952,"May",5,"Q2",21,23.73,23.94,23.17,1069048,0,2.98
1952,"June",6,"Q2",21,24.38,24.96,23.78,1215714,0,4.87
1952,"July",7,"Q3",22,25.08,25.4,24.81,1095455,0,1.11
1952,"August",8,"Q3",21,25.18,25.55,24.83,994762,0,-1.65
1952,"September",9,"Q3",21,24.78,25.25,24.45,1147619,0,-2.43
1952,"October",10,"Q4",22,24.26,24.58,23.8,1179091,0,0.16
1952,"November",11,"Q4",17,25.03,25.66,24.6,1777059,0,4.31
1952,"December",12,"Q4",22,26.04,26.59,25.61,1840000,0,3.47
1953,"January",1,"Q1",21,26.18,26.66,25.86,1621905,0,-0.6
1953,"February",2,"Q1",18,25.9,26.54,25.48,1676111,0,-2.3
1953,"March",3,"Q1",22,25.99,26.33,25.29,1932273,0,-2.47
1953,"April",4,"Q2",21,24.71,25.25,24.19,1636667,0,-2.5
1953,"May",5,"Q2",21,24.84,25.06,24.46,1225238,0,-0.77
1953,"June",6,"Q2",22,23.95,24.22,23.54,1185455,0,-0.04
1953,"July",7,"Q3",23,24.29,24.75,24.07,966957,0,2.1
1953,"August",8,"Q3",21,24.39,24.84,23.32,1137619,0,-6.12
1953,"September",9,"Q3",21,23.27,23.65,22.71,1292857,0,-0.3
1953,"October",10,"Q4",21,23.97,24.58,23.39,1224286,0,4.47
1953,"November",11,"Q4",18,24.5,24.76,24.25,1480000,0,0.41
1953,"December",12,"Q4",22,24.83,24.99,24.55,1643182,0,0.12
1954,"January",1,"Q1",20,25.46,26.09,24.8,1671000,0,4.53
1954,"February",2,"Q1",19,26.02,26.3,25.81,1750526,0,0.62
1954,"March",3,"Q1",23,26.57,26.94,26.25,1915217,0,2.63
1954,"April",4,"Q2",21,27.62,28.26,27.01,2071429,0,4.01
1954,"May",5,"Q2",20,28.73,29.19,28.21,2095000,0,3.47
1954,"June",6,"Q2",22,28.96,29.43,28.15,1919545,0,0.07
1954,"July",7,"Q3",21,30.13,30.88,29.21,2468571,0,5.72
1954,"August",8,"Q3",22,30.73,31.21,29.83,2586364,0,-3.74
1954,"September",9,"Q3",21,31.45,32.69,30.04,1962857,0,7.56
1954,"October",10,"Q4",21,32.18,32.76,31.68,2103333,0,-1.89
1954,"November",11,"Q4",20,33.44,34.55,31.79,3150500,0,7.71
1954,"December",12,"Q4",22,35.01,35.98,33.99,3476364,0,5.85
1955,"January",1,"Q1",21,35.6,36.75,34.58,3554762,0,-0.33
1955,"February",2,"Q1",19,36.79,37.15,36.44,3200526,0,0.11
1955,"March",3,"Q1",23,36.5,37.52,34.96,2860000,0,-0.68
1955,"April",4,"Q2",20,37.75,38.32,36.83,2689500,0,2.73
1955,"May",5,"Q2",21,37.6,38.04,36.97,2164286,0,-0.34
1955,"June",6,"Q2",22,39.87,41.03,37.96,2641818,0,8.09
1955,"July",7,"Q3",20,42.69,43.76,41.19,2423500,0,5.66
1955,"August",8,"Q3",23,42.43,43.18,41.74,1817391,0,0.58
1955,"September",9,"Q3",21,44.34,45.63,42.61,2860952,0,0.69
1955,"October",10,"Q4",21,42.12,42.99,40.8,2007143,0,-0.35
1955,"November",11,"Q4",20,44.95,46.41,42.28,2318000,0,7.64
1955,"December",12,"Q4",21,45.39,45.89,44.95,2428095,0,0.29
1956,"January",1,"Q1",21,44.15,45.16,43.11,2245714,0,-2.97
1956,"February",2,"Q1",20,44.43,45.43,43.42,2318500,0,2.98
1956,"March",3,"Q1",21,47.49,48.87,45.54,2871905,0,6.46
1956,"April",4,"Q2",21,48.05,48.85,47.09,2576190,0,-0.66
1956,"May",5,"Q2",22,46.54,48.51,44.1,2418636,0,-6.15
1956,"June",6,"Q2",21,46.27,47.13,45.14,1770476,0,3.05
1956,"July",7,"Q3",21,48.78,49.48,46.93,2173810,0,5.24
1956,"August",8,"Q3",23,48.46,49.64,46.94,1932609,0,-4.25
1956,"September",9,"Q3",19,46.79,48.1,45.35,1958947,0,-5.3
1956,"October",10,"Q4",23,46.24,47,44.7,1752174,0,1.97
1956,"November",11,"Q4",20,45.76,47.6,44.38,2177500,0,-3.1
1956,"December",12,"Q4",19,46.44,47.04,45.84,2438421,0,1.5
1957,"January",1,"Q1",22,45.42,46.66,44.4,2188182,0,-3.2
1957,"February",2,"Q1",19,43.47,44.62,42.39,1975263,0,-3.05
1957,"March",3,"Q1",21,44.03,44.23,43.74,1696190,0,0.85
1957,"April",4,"Q2",21,45.05,45.74,44.14,2299524,0,3.62
1957,"May",5,"Q2",22,46.78,47.43,46.02,2389091,0,3.06
1957,"June",6,"Q2",20,47.6,48.24,46.78,2173500,0,0
1957,"July",7,"Q3",22,48.52,49.13,47.43,2192273,0,1.01
1957,"August",8,"Q3",22,45.83,47.79,43.89,1881364,0,-5.38
1957,"September",9,"Q3",20,44.01,45.44,42.42,1844500,0,-6.65
1957,"October",10,"Q4",23,41.24,43.14,38.98,2780870,0,-3.98
1957,"November",11,"Q4",19,40.35,41.72,39.44,2536842,0,3.17
1957,"December",12,"Q4",21,40.33,41.54,39.38,2592381,0,-3.31
1958,"January",1,"Q1",22,41.12,41.88,40.33,2265000,0,3.4
1958,"February",2,"Q1",20,41.26,42.46,40.61,2009500,0,-2.85
1958,"March",3,"Q1",21,42.11,42.58,41.13,2222857,0,2.36
1958,"April",4,"Q2",21,42.34,43.44,41.33,2393810,0,3.6
1958,"May",5,"Q2",21,43.71,44.09,43.12,2576190,0,1.26
1958,"June",6,"Q2",21,44.74,45.34,44.31,2695714,0,2.1
1958,"July",7,"Q3",22,45.98,47.19,45.11,3155909,0,4.22
1958,"August",8,"Q3",21,47.7,48.16,47.22,2966667,0,0.55
1958,"September",9,"Q3",21,48.97,50.06,47.97,3425714,0,4.29
1958,"October",10,"Q4",23,50.96,51.62,49.98,4131304,0,2.7
1958,"November",11,"Q4",18,52.54,53.24,51.02,4130556,0,1.78
1958,"December",12,"Q4",21,53.49,55.21,52.46,3616190,0,4.78
1959,"January",1,"Q1",21,55.62,56.04,54.89,3963810,0,0.02
1959,"February",2,"Q1",19,54.79,55.52,53.58,3462632,0,0.36
1959,"March",3,"Q1",21,56.15,56.67,55.44,3925238,0,-0.52
1959,"April",4,"Q2",22,57.1,58.17,55.69,3447273,0,3.41
1959,"May",5,"Q2",21,57.99,58.68,56.88,3378571,0,1.79
1959,"June",6,"Q2",22,57.46,58.63,56.36,2923182,0,-0.27
1959,"July",7,"Q3",22,59.74,60.62,58.91,3222727,0,2.61
1959,"August",8,"Q3",21,59.4,60.71,58.27,2430952,0,-1.83
1959,"September",9,"Q3",21,57.06,58.92,55.14,2738095,0,-3.38
1959,"October",10,"Q4",22,57,57.52,56,2787727,0,1.02
1959,"November",11,"Q4",19,57.23,58.28,56.22,3394737,0,1.52
1959,"December",12,"Q4",22,59.05,59.89,58.6,3282273,0,2.03
1960,"January",1,"Q1",20,58.03,60.39,55.61,3196000,0,-7.18
1960,"February",2,"Q1",20,55.77,56.82,54.73,3025000,0,0.29
1960,"March",3,"Q1",23,55.02,56.01,53.47,2856957,0,-1.2
1960,"April",4,"Q2",20,55.7,56.59,54.37,2865000,0,-1.91
1960,"May",5,"Q2",21,55.22,55.83,54.13,3275714,0,3.14
1960,"June",6,"Q2",22,57.26,58,55.89,3476364,0,1.84
1960,"July",7,"Q3",20,55.84,57.38,54.17,2693000,0,-2.72
1960,"August",8,"Q3",23,56.51,58.07,54.72,2840435,0,2.58
1960,"September",9,"Q3",21,54.8,57.09,52.48,2897143,0,-6.25
1960,"October",10,"Q4",21,53.74,54.86,52.2,2589048,0,0.06
1960,"November",11,"Q4",20,55.49,56.43,53.94,3100500,0,2.97
1960,"December",12,"Q4",21,56.8,58.11,55.3,3682381,0,5.08
1961,"January",1,"Q1",21,59.73,61.97,57.57,4238571,0,7.31
1961,"February",2,"Q1",19,62.17,63.44,61.14,4880526,0,2.49
1961,"March",3,"Q1",22,64.09,65.06,63.38,5229545,0,2.57
1961,"April",4,"Q2",20,65.93,68.68,64.4,5088000,0,-0.44
1961,"May",5,"Q2",21,66.5,67.39,65.17,4616190,0,2.13
1961,"June",6,"Q2",22,65.58,67.08,64.47,3322273,0,-2.88
1961,"July",7,"Q3",20,65.44,66.76,64.41,3042000,0,2.38
1961,"August",8,"Q3",23,67.79,68.44,66.94,3543043,0,1.04
1961,"September",9,"Q3",20,67.23,68.46,65.77,3191000,0,-2.14
1961,"October",10,"Q4",22,67.93,68.62,66.73,3317273,0,2.77
1961,"November",11,"Q4",20,71.08,71.85,68.73,4388500,0,3.77
1961,"December",12,"Q4",20,71.74,72.64,70.86,4119000,0,-0.32
1962,"January",1,"Q1",22,69.07,71.13,67.9,3672273,-0.1737,-2.99
1962,"February",2,"Q1",19,70.22,70.74,69.26,3480526,0.0856,1.01
1962,"March",3,"Q1",22,70.29,71.06,69.55,3110909,-0.0235,-0.93
1962,"April",4,"Q2",20,68.06,69.37,65.24,3262000,-0.3175,-5.95
1962,"May",5,"Q2",22,62.99,66.53,55.5,5046818,-0.4428,-9.24
1962,"June",6,"Q2",21,55.63,59.38,52.32,4769524,-0.4003,-7.8
1962,"July",7,"Q3",21,56.97,58.23,55.86,3531429,0.2672,4.24
1962,"August",8,"Q3",23,58.53,59.78,57.36,3495652,0.0677,2.37
1962,"September",9,"Q3",19,58,59.08,55.77,3310000,-0.2353,-3.91
1962,"October",10,"Q4",23,56.17,57.27,53.49,3421304,-0.0258,1.86
1962,"November",11,"Q4",20,60.04,62.41,57.12,4801000,0.4868,9
1962,"December",12,"Q4",20,62.61,63.1,61.94,4043500,0.0686,1.87
1963,"January",1,"Q1",22,65.06,66.24,62.69,4635000,0.2196,5.6
1963,"February",2,"Q1",19,65.92,66.52,64.29,4164211,-0.1618,-3.05
1963,"March",3,"Q1",21,65.67,66.68,64.1,3560000,0.1668,3.85
1963,"April",4,"Q2",21,68.76,69.8,66.84,5061429,0.2264,4.41
1963,"May",5,"Q2",22,70.14,70.8,69.44,4775909,0.0654,1.19
1963,"June",6,"Q2",20,70.11,70.7,69.07,4529000,-0.08,-1.87
1963,"July",7,"Q3",22,69.07,70.22,67.9,3468636,-0.0146,0.39
1963,"August",8,"Q3",22,70.98,72.5,69.07,4165909,0.2171,4.97
1963,"September",9,"Q3",20,72.85,73.3,71.7,5331000,-0.0547,-1.32
1963,"October",10,"Q4",23,73.02,74.48,71.87,5320000,0.1762,2.48
1963,"November",11,"Q4",18,72.62,73.83,69.61,5221667,-0.1853,-0.81
1963,"December",12,"Q4",21,74.17,75.02,73.62,4698095,0.1157,1.85
1964,"January",1,"Q1",22,76.45,77.11,75.43,5300909,0.1212,2.13
1964,"February",2,"Q1",19,77.39,77.87,76.75,4637368,0.0519,1.08
1964,"March",3,"Q1",21,78.8,79.38,77.97,5417143,0.072,1.3
1964,"April",4,"Q2",22,79.94,80.55,79.24,5613182,0.0281,0.28
1964,"May",5,"Q2",20,80.73,81.16,80.17,4957500,0.0668,0.25
1964,"June",6,"Q2",22,80.24,81.69,78.64,4370455,0.0749,1.97
1964,"July",7,"Q3",22,83.22,84.01,82.27,4663182,0.0826,1.11
1964,"August",8,"Q3",21,82,83,81.32,3918095,-0.0769,-1.41
1964,"September",9,"Q3",21,83.41,84.28,82.18,5227143,0.1352,2.43
1964,"October",10,"Q4",22,84.85,85.24,84.08,4843182,0.037,0.93
1964,"November",11,"Q4",19,85.44,86.28,84.42,4928421,-0.0268,-0.89
1964,"December",12,"Q4",22,83.96,84.75,83.22,4727727,0.0094,1.44
1965,"January",1,"Q1",20,86.12,87.56,84.23,5456500,0.1635,3.95
1965,"February",2,"Q1",19,86.75,87.63,85.54,5909474,0.0107,-0.17
1965,"March",3,"Q1",23,86.83,87.4,86.03,5427391,-0.0633,-1.25
1965,"April",4,"Q2",21,87.97,89.11,86.32,5672381,0.1607,3.23
1965,"May",5,"Q2",20,89.28,90.27,87.84,5509500,-0.038,-0.91
1965,"June",6,"Q2",22,85.09,88.72,81.6,5825455,-0.2149,-5.18
1965,"July",7,"Q3",21,84.91,85.87,83.85,4054762,0.0648,0.91
1965,"August",8,"Q3",22,86.49,87.21,85.42,4957727,0.1015,2.05
1965,"September",9,"Q3",21,89.38,90.65,87.17,7389524,0.0908,3.2
1965,"October",10,"Q4",21,91.39,92.51,89.9,7813810,0.1289,2.8
1965,"November",11,"Q4",20,92.15,92.63,91.61,7355500,-0.0437,-0.67
1965,"December",12,"Q4",22,91.73,92.43,90.59,8684091,0.0446,1.02
1966,"January",1,"Q1",21,93.32,93.95,92.18,8710000,0.0235,0.76
1966,"February",2,"Q1",19,92.68,94.06,90.89,8725789,-0.094,-1.02
1966,"March",3,"Q1",23,88.88,90.06,87.35,8320000,-0.0939,-0.92
1966,"April",4,"Q2",20,91.6,92.42,89.94,9308000,0.1024,1.25
1966,"May",5,"Q2",21,86.78,90.9,83.63,8156667,-0.2656,-5.25
1966,"June",6,"Q2",22,86.06,87.07,84.74,6384091,-0.0728,-1.58
1966,"July",7,"Q3",20,85.84,87.61,83.6,5990500,-0.0652,-2.35
1966,"August",8,"Q3",23,80.65,84,74.53,7062174,-0.3244,-6.33
1966,"September",9,"Q3",21,77.81,80.08,76.05,5715714,-0.0411,-1.47
1966,"October",10,"Q4",21,77.13,80.24,73.2,6962381,0.2272,7.08
1966,"November",11,"Q4",20,80.99,82.37,79.67,7289000,0.0278,-0.45
1966,"December",12,"Q4",21,81.33,83,80.08,7860476,-0.0056,0.31
1967,"January",1,"Q1",21,84.45,86.66,80.38,9876667,0.3602,7.75
1967,"February",2,"Q1",19,87.37,88.27,86.43,9628947,0.0114,0.4
1967,"March",3,"Q1",22,89.42,90.94,87.68,10210909,0.1768,2.87
1967,"April",4,"Q2",20,90.96,94.01,88.24,9382500,0.2112,5.35
1967,"May",5,"Q2",22,92.59,94.58,89.08,9928182,-0.2379,-5.07
1967,"June",6,"Q2",22,91.43,92.62,88.43,9663182,0.1843,0.45
1967,"July",7,"Q3",20,92.99,94.75,90.91,10836500,0.2225,4.22
1967,"August",8,"Q3",23,94.49,95.83,92.64,9034783,-0.0506,-1.81
1967,"September",9,"Q3",20,95.81,97.59,93.68,10248000,0.1622,3.23
1967,"October",10,"Q4",22,95.64,97.51,93.3,10217273,-0.1618,-3.14
1967,"November",11,"Q4",20,92.66,94.49,91.14,10571500,0.063,1.39
1967,"December",12,"Q4",20,95.3,96.47,94.5,11473000,0.1304,2.08
1968,"January",1,"Q1",22,95.04,96.72,92.24,11944091,-0.2027,-4.03
1968,"February",2,"Q1",19,90.77,92.56,89.07,9177895,-0.174,-3.46
1968,"March",3,"Q1",21,89.09,90.23,87.72,9171905,0.0619,1.22
1968,"April",4,"Q2",20,95.7,97.97,92.48,14771000,0.3212,5.38
1968,"May",5,"Q2",22,97.87,98.91,96.45,13271818,0.0574,0.72
1968,"June",6,"Q2",17,100.59,101.66,99.58,15134706,0.0533,-0.41
1968,"July",7,"Q3",17,100.3,102.39,97.65,14261765,-0.1075,-1.67
1968,"August",8,"Q3",18,98.11,99,96.63,10776111,0.0642,1.62
1968,"September",9,"Q3",17,101.34,102.67,99.32,13429412,0.2232,3.37
1968,"October",10,"Q4",18,103.75,104.99,102.86,15122222,0.0256,0.53
1968,"November",11,"Q4",17,105.4,108.37,103.06,14814706,0.2763,5.15
1968,"December",12,"Q4",18,106.48,108.12,103.8,14860000,-0.2352,-3.94
1969,"January",1,"Q1",22,102.04,103.99,100.44,12118182,-0.036,-0.89
1969,"February",2,"Q1",18,101.46,103.71,97.98,11527222,-0.2588,-4.63
1969,"March",3,"Q1",20,99.3,101.51,98,9955500,0.1707,3.18
1969,"April",4,"Q2",21,101.26,103.69,99.89,11282381,0.1049,2.24
1969,"May",5,"Q2",21,104.62,106.16,103.26,12218095,-0.0096,-0.05
1969,"June",6,"Q2",21,99.12,102.94,96.23,11196667,-0.2735,-5.08
1969,"July",7,"Q3",21,94.71,99.61,89.48,10869048,-0.2816,-6.37
1969,"August",8,"Q3",21,94.18,95.92,92.63,9603810,0.1845,2.18
1969,"September",9,"Q3",21,94.51,95.63,92.7,10435714,-0.1185,-2.53
1969,"October",10,"Q4",23,95.51,98.12,92.52,13483043,0.1845,4.97
1969,"November",11,"Q4",19,96.21,98.33,92.94,11242105,-0.1811,-3.44
1969,"December",12,"Q4",22,91.12,93.22,89.2,12379545,-0.083,-1.24
1970,"January",1,"Q1",21,90.33,93.46,85.02,10528095,-0.3584,-8.58
1970,"February",2,"Q1",19,87.16,89.5,85.75,12020000,0.2731,4.37
1970,"March",3,"Q1",21,88.65,90.23,86.91,10137143,0.0026,-0.09
1970,"April",4,"Q2",22,85.95,90.07,80.27,10141818,-0.4274,-9.49
1970,"May",5,"Q2",21,76.06,81.44,69.29,12296190,-0.2577,-6
1970,"June",6,"Q2",22,75.58,78.52,72.72,10291818,-0.2272,-6.58
1970,"July",7,"Q3",22,75.72,78.07,71.23,10351818,0.3245,7.01
1970,"August",8,"Q3",21,77.93,81.86,74.76,10413810,0.2011,5.84
1970,"September",9,"Q3",21,82.37,84.3,80.95,14442381,0.1622,4.14
1970,"October",10,"Q4",22,84.37,86.89,83.12,11880455,-0.053,-1.27
1970,"November",11,"Q4",20,84.29,87.2,82.79,11514500,0.2341,4.42
1970,"December",12,"Q4",22,90.05,92.27,87.47,15238182,0.2522,5.35
1971,"January",1,"Q1",20,93.49,95.88,91.15,17424500,0.1997,5.19
1971,"February",2,"Q1",19,97.11,98.66,95.72,19536316,0.0536,0.34
1971,"March",3,"Q1",23,99.6,101.21,96.95,16951304,0.1582,3.41
1971,"April",4,"Q2",21,103.05,104.77,100.39,19122857,0.1705,3.55
1971,"May",5,"Q2",20,101.64,103.79,99.4,15368000,-0.2046,-3.54
1971,"June",6,"Q2",22,99.67,101.3,97.59,13799545,-0.0407,-1.5
1971,"July",7,"Q3",21,98.98,100.82,95.58,12630476,-0.1738,-4.21
1971,"August",8,"Q3",22,97.24,100.48,93.53,14569091,0.0535,3.2
1971,"September",9,"Q3",21,99.4,101.34,97.62,12034286,-0.0321,-0.74
1971,"October",10,"Q4",21,97.29,100.02,93.79,13337143,-0.1977,-4.75
1971,"November",11,"Q4",21,92.78,94.91,90.16,13162381,-0.0176,1.28
1971,"December",12,"Q4",22,99.17,102.21,95.44,17167273,0.1406,6.97
1972,"January",1,"Q1",21,103.3,104.16,101.67,18070952,0.0867,2.23
1972,"February",2,"Q1",20,105.24,106.57,104.01,18813000,0.1256,2.46
1972,"March",3,"Q1",22,107.69,108.96,106.49,18347727,0.028,-0.14
1972,"April",4,"Q2",20,108.81,110.18,106.89,18399500,0.0229,0.18
1972,"May",5,"Q2",22,107.65,110.66,104.74,15265909,0.083,2.66
1972,"June",6,"Q2",22,108.01,109.73,106.82,14295909,-0.0978,-2.32
1972,"July",7,"Q3",20,107.21,109.04,105.81,14445000,0.0048,-0.09
1972,"August",8,"Q3",23,111.01,112.55,108.4,15518696,0.1486,2.48
1972,"September",9,"Q3",20,109.39,111.51,108.05,12309500,-0.0232,-0.86
1972,"October",10,"Q4",22,109.56,111.58,106.77,14422727,0.0328,1.29
1972,"November",11,"Q4",20,115.05,117.27,112.67,20278500,0.2242,3.55
1972,"December",12,"Q4",19,117.5,119.12,115.11,18143684,0.08,0.57
1973,"January",1,"Q1",21,118.42,120.24,115.83,18750000,-0.0814,-2.58
1973,"February",2,"Q1",19,114.16,116.78,110.9,16746842,-0.1996,-2.68
1973,"March",3,"Q1",22,112.42,114.98,108.84,15609091,-0.002,0.42
1973,"April",4,"Q2",20,110.27,112.68,106.97,13899500,-0.1996,-2.91
1973,"May",5,"Q2",22,107.22,111.25,102.73,15330000,-0.0496,-2.01
1973,"June",6,"Q2",21,104.75,108.29,102.25,12795238,-0.0089,0.32
1973,"July",7,"Q3",21,105.83,109.85,101.28,14656190,0.1779,5.17
1973,"August",8,"Q3",23,103.8,106.83,100.53,11933043,-0.1621,-2.42
1973,"September",9,"Q3",19,105.61,109.08,103.06,17319474,0.2078,3.75
1973,"October",10,"Q4",23,109.84,111.44,108.21,18386957,0.0019,0.07
1973,"November",11,"Q4",21,102.03,107.69,95.7,19042857,-0.5238,-10.89
1973,"December",12,"Q4",20,94.78,97.95,92.16,19219000,0.0578,3.89
1974,"January",1,"Q1",22,96.11,99.8,92.39,16506818,-0.0213,-1.14
1974,"February",2,"Q1",19,93.45,96.4,90.66,13516316,0.0092,0.94
1974,"March",3,"Q1",21,97.44,99.74,93.98,14742857,-0.1119,-1.62
1974,"April",4,"Q2",21,92.46,94.78,89.57,12108095,-0.1801,-3.15
1974,"May",5,"Q2",22,89.67,92.96,86.89,12506818,-0.1409,-5.36
1974,"June",6,"Q2",20,89.79,93.1,86,12267000,-0.0622,-3.48
1974,"July",7,"Q3",22,82.82,86.02,79.31,12458636,-0.3713,-7.8
1974,"August",8,"Q3",22,76.03,82.65,69.99,12731818,-0.3598,-8.38
1974,"September",9,"Q3",20,68.12,71.42,63.54,14002500,-0.5797,-9.9
1974,"October",10,"Q4",23,69.44,74.31,62.28,16395652,0.6073,16.58
1974,"November",11,"Q4",20,71.74,75.21,67.9,14339500,-0.2086,-5.29
1974,"December",12,"Q4",21,67.07,68.56,65.01,15007143,-0.0973,0.66
1975,"January",1,"Q1",22,72.56,77.26,70.04,19661364,0.452,9.61
1975,"February",2,"Q1",19,80.1,82.62,77.61,22296842,0.33,4.84
1975,"March",3,"Q1",20,83.83,86.01,81.42,22680500,0.166,0.4
1975,"April",4,"Q2",22,84.72,87.3,80.35,20515909,0.2151,5.64
1975,"May",5,"Q2",21,90.1,92.27,88.1,21785238,0.1996,3.46
1975,"June",6,"Q2",21,92.4,95.19,90.08,21285714,0.2007,2.82
1975,"July",7,"Q3",22,92.49,95.61,88.19,20076364,-0.3156,-6.43
1975,"August",8,"Q3",21,85.71,87.99,83.07,13403333,-0.1008,-1.26
1975,"September",9,"Q3",21,84.67,86.2,82.09,13100952,-0.1774,-1.88
1975,"October",10,"Q4",23,88.57,91.24,82.93,15893043,0.26,7.37
1975,"November",11,"Q4",19,90.07,91.46,88.09,16779474,0.1306,3.58
1975,"December",12,"Q4",22,88.7,90.67,86.82,15862273,-0.0245,-0.53
1976,"January",1,"Q1",21,96.86,100.86,90.9,30277619,0.5371,10.96
1976,"February",2,"Q1",19,100.64,102.1,99.05,31375263,-0.062,-1.15
1976,"March",3,"Q1",23,101.08,103.42,98.92,23026087,0.1226,2.75
1976,"April",4,"Q2",21,101.93,103.51,100.2,18679048,-0.0535,-0.59
1976,"May",5,"Q2",20,101.16,103.1,99.34,17795500,-0.0608,-0.73
1976,"June",6,"Q2",22,101.77,104.28,98.63,18965000,0.1809,4.44
1976,"July",7,"Q3",21,104.2,105.95,102.93,18750476,-0.0374,-0.14
1976,"August",8,"Q3",22,103.29,104.8,101.27,15758182,-0.0182,-0.27
1976,"September",9,"Q3",21,105.45,107.83,103.92,19750000,0.1087,1.13
1976,"October",10,"Q4",21,101.89,104.17,99.96,17209048,-0.1004,-1.22
1976,"November",11,"Q4",20,101.19,103.15,98.81,19051000,0.003,-0.97
1976,"December",12,"Q4",22,104.66,107.46,102.12,24297727,0.2339,4.85
1977,"January",1,"Q1",21,103.81,107,101.79,23886667,-0.2453,-4.64
1977,"February",2,"Q1",19,100.96,102.54,99.48,20970526,-0.1144,-2.65
1977,"March",3,"Q1",23,100.57,102.17,98.42,18899565,-0.06,-2.23
1977,"April",4,"Q2",20,99.05,101.04,97.11,20153000,-0.0042,-0.78
1977,"May",5,"Q2",21,98.76,100.3,96.12,20277143,-0.1073,-2.84
1977,"June",6,"Q2",22,99.29,101.19,96.74,22052273,0.202,3.66
1977,"July",7,"Q3",19,100.18,101.79,98.64,23814737,-0.0845,-1.25
1977,"August",8,"Q3",23,97.75,99.12,96.06,18854348,-0.089,-2.37
1977,"September",9,"Q3",21,96.23,98.01,95.04,18270000,-0.002,-0.31
1977,"October",10,"Q4",21,93.74,96.74,91,19689048,-0.2041,-4.55
1977,"November",11,"Q4",21,94.28,96.69,90.71,23556190,0.1179,3.81
1977,"December",12,"Q4",21,93.82,95.1,92.5,21474762,0.024,0.43
1978,"January",1,"Q1",21,90.25,93.82,88.58,20387619,-0.2889,-4.87
1978,"February",2,"Q1",19,88.98,90.83,87.04,19400000,-0.1279,-3.21
1978,"March",3,"Q1",22,88.82,90.82,86.9,22617273,0.1133,2.32
1978,"April",4,"Q2",20,92.71,96.83,88.46,34780000,0.3337,9.46
1978,"May",5,"Q2",22,97.41,99.6,95.9,35261364,0.0359,-0.44
1978,"June",6,"Q2",22,97.66,100.32,94.6,30285909,-0.0783,-1.87
1978,"July",7,"Q3",20,97.19,100.68,94.27,27074500,0.2321,5.88
1978,"August",8,"Q3",23,103.92,105.08,100.66,37606522,0.1134,2.61
1978,"September",9,"Q3",20,103.86,106.99,101.66,33614500,-0.0389,-1.1
1978,"October",10,"Q4",22,100.58,105.39,93.15,31015455,-0.4159,-9.53
1978,"November",11,"Q4",21,94.71,96.85,92.49,24505238,0.0677,-2.22
1978,"December",12,"Q4",20,96.11,97.52,93.44,24622000,0.1107,-0.18
1979,"January",1,"Q1",22,99.71,101.86,96.73,27987727,0.1655,3.31
1979,"February",2,"Q1",19,98.23,99.96,96.13,25037368,-0.1728,-3.68
1979,"March",3,"Q1",22,100.11,102.48,96.9,29536364,0.243,4.84
1979,"April",4,"Q2",20,102.07,103.34,100.9,31032500,0.0114,0.85
1979,"May",5,"Q2",22,99.73,101.81,98.06,28351818,-0.105,-2.56
1979,"June",6,"Q2",21,101.73,102.91,99.17,35033810,0.182,3.77
1979,"July",7,"Q3",21,102.71,104.47,101.59,32416190,0.0431,1.78
1979,"August",8,"Q3",23,107.36,109.32,104.04,35871739,0.2259,4.94
1979,"September",9,"Q3",19,108.6,110.51,106.4,37575789,0.0154,1.75
1979,"October",10,"Q4",23,104.47,111.27,100,37301304,-0.2541,-6.21
1979,"November",11,"Q4",21,103.66,106.81,99.87,31126190,0.1923,3.5
1979,"December",12,"Q4",20,107.78,109.33,105.83,35510500,0.0843,1.99
1980,"January",1,"Q1",22,110.87,115.2,105.22,52647273,0.259,7.94
1980,"February",2,"Q1",20,115.34,118.44,112.35,47826500,-0.0116,-1.27
1980,"March",3,"Q1",21,104.69,112.78,98.22,41735714,-0.4855,-9.25
1980,"April",4,"Q2",21,102.97,106.29,99.8,32101905,0.149,4.02
1980,"May",5,"Q2",21,107.69,112.06,104.72,36424762,0.2203,5.48
1980,"June",6,"Q2",21,114.55,116.72,110.51,39507619,0.13,3.14
1980,"July",7,"Q3",22,119.83,122.51,114.93,46444091,0.2895,5.86
1980,"August",8,"Q3",21,123.5,126.02,120.74,45983810,0.0438,0.97
1980,"September",9,"Q3",21,126.51,130.4,123.31,50367143,0.1746,1.39
1980,"October",10,"Q4",23,130.22,133.7,126.29,44860435,0.0732,0.27
1980,"November",11,"Q4",18,135.65,140.52,128.91,54895000,0.465,8.9
1980,"December",12,"Q4",22,133.48,137.21,127.36,46620455,-0.1183,-1.06
1981,"January",1,"Q1",21,132.97,138.12,129.55,45500952,-0.1472,-4.98
1981,"February",2,"Q1",19,128.4,131.27,126.58,42963684,0.0762,3.44
1981,"March",3,"Q1",22,133.18,137.11,129.85,53387727,0.1519,3.02
1981,"April",4,"Q2",21,134.43,136.57,132.68,53498571,-0.111,-2.75
1981,"May",5,"Q2",20,131.73,133.77,129.71,45271500,0.0291,-0.1
1981,"June",6,"Q2",22,132.28,133.75,130.62,50044091,-0.0453,-0.91
1981,"July",7,"Q3",22,129.13,130.92,127.13,43362273,-0.0021,0.89
1981,"August",8,"Q3",21,129.63,133.85,122.79,43835714,-0.2779,-5.89
1981,"September",9,"Q3",21,118.27,123.49,112.77,45673333,-0.2439,-5.56
1981,"October",10,"Q4",22,119.8,122.31,117.08,45343636,0.2228,4.11
1981,"November",11,"Q4",20,122.92,126.35,120.24,49396000,0.1655,1.73
1981,"December",12,"Q4",22,123.79,126.26,121.67,43612273,-0.1166,-2.82
1982,"January",1,"Q1",20,117.28,122.74,114.88,48417000,-0.0929,-1.91
1982,"February",2,"Q1",19,114.5,118.01,111.51,51167895,-0.2886,-3.97
1982,"March",3,"Q1",23,110.84,113.55,107.34,55160435,-0.0381,-1.19
1982,"April",4,"Q2",21,116.31,119.26,113.79,54118571,0.2251,2.33
1982,"May",5,"Q2",20,116.35,119.47,111.88,51323000,-0.252,-4.23
1982,"June",6,"Q2",22,109.7,112.04,107.2,50478636,-0.1281,-1.85
1982,"July",7,"Q3",21,109.38,111.54,107.09,54532857,-0.0849,-1.49
1982,"August",8,"Q3",22,109.65,119.51,102.42,76035000,0.4755,9.66
1982,"September",9,"Q3",21,122.43,124.88,118.25,73716190,0.0443,1.84
1982,"October",10,"Q4",21,132.66,139.23,121.51,98502857,0.5133,9.63
1982,"November",11,"Q4",21,138.1,143.02,132.93,88430476,0.179,2.26
1982,"December",12,"Q4",22,139.37,142.72,135.24,76458182,0.0681,1.38
1983,"January",1,"Q1",21,144.27,146.78,138.34,88457143,0.16,5.03
1983,"February",2,"Q1",19,146.8,149.74,142.96,85023684,0.099,3.57
1983,"March",3,"Q1",23,151.88,153.67,149.59,82692174,0.147,1.38
1983,"April",4,"Q2",20,157.71,164.43,151.04,89343500,0.3613,7.46
1983,"May",5,"Q2",21,164.1,166.21,161.99,93006190,-0.058,0.17
1983,"June",6,"Q2",22,166.37,170.99,161.36,89720909,0.1165,3.13
1983,"July",7,"Q3",20,166.95,170.53,162.56,79508500,-0.0383,-3.61
1983,"August",8,"Q3",23,162.42,165.29,159.18,74192609,0.0481,1.46
1983,"September",9,"Q3",21,167.16,170.07,164.23,82848095,0.0396,1.12
1983,"October",10,"Q4",21,167.65,172.65,163.37,85458095,-0.0657,-1.36
1983,"November",11,"Q4",21,165.23,167.91,161.76,86410000,0.0617,1.67
1983,"December",12,"Q4",21,164.37,166.49,161.66,88040952,-0.0317,-0.94
1984,"January",1,"Q1",21,166.39,169.28,162.87,105507619,-0.0538,-0.38
1984,"February",2,"Q1",20,157.25,163.36,154.29,96640500,-0.1666,-3.49
1984,"March",3,"Q1",22,157.44,159.88,154.35,84314545,0.0658,0.63
1984,"April",4,"Q2",20,157.6,160.3,155,85876500,0.0276,1.31
1984,"May",5,"Q2",22,156.55,161.9,150.29,88161364,-0.276,-6.88
1984,"June",6,"Q2",21,153.12,155.17,149.03,86327143,0.1065,-0.04
1984,"July",7,"Q3",21,151.08,153.7,147.82,79152381,-0.0763,-1.66
1984,"August",8,"Q3",23,164.42,167.83,154.08,109866087,0.3835,8.18
1984,"September",9,"Q3",19,166.11,168.87,164.26,93087368,-0.0614,0.74
1984,"October",10,"Q4",23,164.82,168.1,161.67,91749130,0.0054,0.89
1984,"November",11,"Q4",21,166.27,170.41,163.09,83680000,-0.0726,-2.33
1984,"December",12,"Q4",20,164.48,168.11,161.81,89050000,0.1148,2.71
1985,"January",1,"Q1",22,171.61,179.63,163.68,121532273,0.3302,8.62
1985,"February",2,"Q1",19,180.88,183.35,178.63,115506316,0.0472,1.43
1985,"March",3,"Q1",21,179.42,183.23,176.53,102528095,-0.0118,-1.4
1985,"April",4,"Q2",21,180.62,183.43,178.03,94375238,-0.0208,-0.79
1985,"May",5,"Q2",22,184.9,189.72,178.37,106833636,0.2412,6.27
1985,"June",6,"Q2",20,188.89,191.85,185.33,105850000,0.0952,1.34
1985,"July",7,"Q3",22,192.54,195.65,189.6,111957727,-0.0231,-0.78
1985,"August",8,"Q3",22,188.31,192.11,186.1,87418182,-0.0464,-1.81
1985,"September",9,"Q3",19,184.21,188.25,180.66,97903158,-0.184,-3.1
1985,"October",10,"Q4",23,186.18,190.07,181.87,110575652,0.1827,2.57
1985,"November",11,"Q4",20,197.45,202.54,191.25,122268500,0.3191,5.56
1985,"December",12,"Q4",21,207.26,212.02,200.46,133541905,0.2211,5.4
1986,"January",1,"Q1",22,208.19,213.8,203.49,130864091,0.0145,1.04
1986,"February",2,"Q1",19,219.37,226.92,212.79,152584211,0.3676,6.06
1986,"March",3,"Q1",20,232.33,238.97,224.34,160730000,0.2649,5.98
1986,"April",4,"Q2",22,237.97,244.74,228.63,147290909,-0.0594,0.16
1986,"May",5,"Q2",21,238.46,247.98,232.76,127630476,0.2502,5.18
1986,"June",6,"Q2",21,245.3,250.84,239.58,126171429,0.0891,2.37
1986,"July",7,"Q3",22,240.18,252.7,233.66,137722727,-0.2617,-6.32
1986,"August",8,"Q3",21,245,253.3,234.91,128661905,0.3301,7.67
1986,"September",9,"Q3",21,238.27,253.83,229.91,150776190,-0.3252,-6.92
1986,"October",10,"Q4",23,237.36,243.98,233.6,131162609,0.2327,4.44
1986,"November",11,"Q4",19,245.09,249.22,236.78,154780526,0.1218,1.39
1986,"December",12,"Q4",22,248.61,254,242.17,148221364,-0.1263,-2.76
1987,"January",1,"Q1",21,264.51,275.4,246.45,192422857,0.5958,11.21
1987,"February",2,"Q1",19,280.93,285.57,275.07,183436842,0.1945,2.8
1987,"March",3,"Q1",22,292.47,301.64,283,180231818,0.1273,3.07
1987,"April",4,"Q2",21,289.32,301.95,279.16,187223810,-0.0413,-1.37
1987,"May",5,"Q2",20,289.12,295.47,278.21,170885000,0.0601,0.72
1987,"June",6,"Q2",22,301.38,309.65,288.46,163409091,0.2123,4.89
1987,"July",7,"Q3",22,310.09,318.66,302.94,180290909,0.2043,5.19
1987,"August",8,"Q3",21,329.36,336.77,316.23,193447619,0.1434,3.85
1987,"September",9,"Q3",21,318.66,323.4,310.54,177295238,-0.1098,-0.49
1987,"October",10,"Q4",22,280.16,328.08,224.84,277022727,-0.9422,-23.08
1987,"November",11,"Q4",20,245.01,255.75,230.3,179476500,-0.428,-9.95
1987,"December",12,"Q4",22,240.96,253.16,223.92,178488636,0.3326,6.5
1988,"January",1,"Q1",20,250.48,261.07,242.63,174735000,0.2197,0.44
1988,"February",2,"Q1",20,258.13,267.82,249.1,184662000,0.2181,5.01
1988,"March",3,"Q1",23,265.74,271.22,258.06,176216087,-0.1422,-3.12
1988,"April",4,"Q2",20,262.62,271.58,256.09,163038000,0.0621,2.05
1988,"May",5,"Q2",21,256.12,263,250.83,153874762,0.0193,0.23
1988,"June",6,"Q2",22,270.68,275.66,265.17,195759545,0.1929,2.55
1988,"July",7,"Q3",20,269.05,275.81,262.5,166923500,-0.0213,0.09
1988,"August",8,"Q3",23,263.73,272.98,256.98,144672609,-0.1627,-3.93
1988,"September",9,"Q3",21,267.97,272.59,258.35,145688095,0.1882,5.25
1988,"October",10,"Q4",21,277.4,283.66,270.62,162626667,0.1285,2.8
1988,"November",11,"Q4",21,271.02,279.2,263.82,134420000,-0.0973,-1.92
1988,"December",12,"Q4",21,276.51,279.4,271.81,135471429,0.017,1.92
1989,"January",1,"Q1",21,285.41,297.47,275.31,168200952,0.3096,8.05
1989,"February",2,"Q1",19,294.01,299.63,287.13,169277895,-0.1513,-2.77
1989,"March",3,"Q1",22,292.71,299.44,287.11,159296818,0.0964,2.7
1989,"April",4,"Q2",20,302.25,309.64,295.29,161862500,0.2464,4.47
1989,"May",5,"Q2",22,313.93,321.98,305.19,170332727,0.1593,3.69
1989,"June",6,"Q2",22,323.73,328.44,317.98,180299545,-0.0309,-1.24
1989,"July",7,"Q3",20,331.93,346.08,319.23,162451500,0.4274,8.41
1989,"August",8,"Q3",23,346.61,352.09,340.67,171700000,0.0706,2.24
1989,"September",9,"Q3",20,347.33,353.73,343.16,151751000,-0.0315,-1.29
1989,"October",10,"Q4",22,347.4,359.8,333.65,182394091,-0.1007,-3
1989,"November",11,"Q4",21,340.22,345.99,332.61,144388571,0.0801,1.4
1989,"December",12,"Q4",20,348.57,353.4,342.46,160671000,0.107,0.79
1990,"January",1,"Q1",22,339.97,359.69,322.98,172420455,-0.3182,-8.51
1990,"February",2,"Q1",19,330.45,334.89,324.15,155893158,0.0474,0.94
1990,"March",3,"Q1",22,338.47,343.53,332.74,149240000,0.1133,2.16
1990,"April",4,"Q2",20,338.18,344.74,329.11,140061000,-0.1338,-2.33
1990,"May",5,"Q2",22,350.25,361.23,332.25,163485455,0.4029,8.72
1990,"June",6,"Q2",21,360.39,367.4,352.06,153632381,-0.053,-1.42
1990,"July",7,"Q3",21,360.03,368.95,353.44,160644762,-0.022,-0.94
1990,"August",8,"Q3",23,330.75,355.52,307.06,174814348,-0.4159,-9.27
1990,"September",9,"Q3",19,315.41,324.39,300.97,141435789,-0.2868,-5.27
1990,"October",10,"Q4",23,307.12,315.21,295.46,159647826,-0.0199,-3.47
1990,"November",11,"Q4",21,315.29,322.22,306.01,149989048,0.283,4.95
1990,"December",12,"Q4",20,328.75,331.75,324.1,155841500,0.125,1.89
1991,"January",1,"Q1",22,325.49,343.93,311.49,166374545,0.1924,5.35
1991,"February",2,"Q1",19,362.26,369.39,343.05,226482632,0.3495,7
1991,"March",3,"Q1",20,372.28,376.72,366.58,196396000,0.1132,1.28
1991,"April",4,"Q2",22,379.68,390.45,371.3,182600000,0.0046,1.09
1991,"May",5,"Q2",22,377.99,389.83,368.57,169986364,0.1913,2.51
1991,"June",6,"Q2",20,378.29,388.06,370.65,162936500,-0.242,-4.35
1991,"July",7,"Q3",22,380.23,387.81,373.33,158253182,0.2017,2.62
1991,"August",8,"Q3",22,389.4,396.64,376.47,168810000,0.0916,2.15
1991,"September",9,"Q3",20,387.2,392.15,383.59,163049500,-0.093,-1.09
1991,"October",10,"Q4",23,386.88,392.96,376.8,177494783,0.0556,0.84
1991,"November",11,"Q4",20,385.92,397.41,375.22,186881000,-0.219,-4.11
1991,"December",12,"Q4",21,388.51,417.09,377.39,197871905,0.5098,9.36
1992,"January",1,"Q1",22,416.07,420.77,408.78,240285455,-0.0875,-2.03
1992,"February",2,"Q1",19,412.56,417.13,407.38,224611053,0.0502,0.77
1992,"March",3,"Q1",22,407.36,412.85,403,184829091,-0.0995,-2.12
1992,"April",4,"Q2",21,407.41,416.28,394.5,205516190,0.1368,2.65
1992,"May",5,"Q2",20,414.81,418.49,410.09,182199000,0.0053,0.68
1992,"June",6,"Q2",22,408.27,417.3,400.96,193628636,-0.0788,-2.2
1992,"July",7,"Q3",22,415.05,424.21,409.16,193873636,0.1784,2.74
1992,"August",8,"Q3",21,417.93,425.09,410.72,173991429,-0.115,-2.6
1992,"September",9,"Q3",21,418.48,425.27,414.35,191611905,0.0462,0.42
1992,"October",10,"Q4",22,412.5,420.86,402.66,204864091,0.0108,0.57
1992,"November",11,"Q4",20,422.84,431.35,417.11,207438500,0.1505,2.03
1992,"December",12,"Q4",22,435.64,441.28,429.89,221643182,0.0457,1.14
1993,"January",1,"Q1",20,435.23,440.01,429.05,264042500,0.0359,0.78
1993,"February",2,"Q1",19,441.7,449.56,431.9,286444737,0.0571,0.19
1993,"March",3,"Q1",23,450.16,456.33,442.01,250736957,0.0827,2.19
1993,"April",4,"Q2",21,443.08,450.3,433.54,278722381,-0.1191,-2.25
1993,"May",5,"Q2",20,445.25,453.44,439.23,255432000,0.1132,1.75
1993,"June",6,"Q2",22,448.06,453.85,443.19,252018182,0.0057,-0.73
1993,"July",7,"Q3",21,447.29,450.24,441.43,252787143,-0.0211,-0.2
1993,"August",8,"Q3",22,454.13,463.56,448.13,250281818,0.1518,2.98
1993,"September",9,"Q3",21,459.24,463.15,452.95,264415238,-0.0458,-0.91
1993,"October",10,"Q4",21,463.9,469.5,459.18,282879048,0.0914,1.42
1993,"November",11,"Q4",21,462.89,469.1,457.49,279838571,-0.0611,-1.56
1993,"December",12,"Q4",22,465.95,470.94,461.84,263236818,0.0547,0.99
1994,"January",1,"Q1",21,472.99,481.61,465.44,315590000,0.1527,3.47
1994,"February",2,"Q1",19,471.58,482,464.26,308057895,-0.1575,-2.6
1994,"March",3,"Q1",23,463.81,471.06,445.55,314130870,-0.2024,-4.02
1994,"April",4,"Q2",19,447.23,452.71,438.92,301842632,0.0598,2.73
1994,"May",5,"Q2",21,450.9,457.33,441.49,270284286,0.0603,0.77
1994,"June",6,"Q2",22,454.83,462.37,442.8,266030455,-0.1223,-2.92
1994,"July",7,"Q3",20,451.4,458.26,446.13,249005000,0.1543,2.7
1994,"August",8,"Q3",23,464.24,476.07,457.09,278206522,0.1582,3.14
1994,"September",9,"Q3",21,466.96,474.81,459.67,292993810,-0.13,-2.21
1994,"October",10,"Q4",21,463.81,473.77,452.36,302128571,0.0989,2.3
1994,"November",11,"Q4",21,461.02,468.42,449.93,297678095,-0.1885,-3.14
1994,"December",12,"Q4",21,455.19,462.47,445.45,302453810,0.058,2.31
1995,"January",1,"Q1",21,465.25,470.42,459.11,326288571,0.1143,2.46
1995,"February",2,"Q1",19,481.92,488.11,470.4,333163158,0.1879,3.61
1995,"March",3,"Q1",23,493.15,503.9,482.12,338800000,0.1189,3.1
1995,"April",4,"Q2",19,507.91,514.71,501.85,331948947,0.1365,2.56
1995,"May",5,"Q2",22,523.81,533.4,514.26,343440455,0.1634,3.72
1995,"June",6,"Q2",22,539.35,551.07,527.94,343438636,0.0941,2.11
1995,"July",7,"Q3",20,557.37,565.22,547.09,365398000,0.1743,2.74
1995,"August",8,"Q3",23,559.11,561.88,555.11,310722609,-0.0023,0.4
1995,"September",9,"Q3",20,578.77,586.77,563.84,352641500,0.1973,3.65
1995,"October",10,"Q4",22,582.92,590.65,576.72,365605455,-0.0216,-0.04
1995,"November",11,"Q4",21,595.53,607.64,584.22,362007143,0.1929,3.62
1995,"December",12,"Q4",20,614.57,621.69,605.94,384877000,0.0884,1.47
1996,"January",1,"Q1",22,614.42,636.02,598.48,417638636,0.149,2.46
1996,"February",2,"Q1",20,649.54,661.45,635.84,437498000,0.0377,0.31
1996,"March",3,"Q1",21,647.07,655.79,633.5,427819048,0.0417,0.18
1996,"April",4,"Q2",21,647.17,655.88,631.18,422646667,0.0659,0.07
1996,"May",5,"Q2",22,661.23,678.51,638.26,405506364,0.1053,2.22
1996,"June",6,"Q2",20,668.5,678.44,661.96,396542000,0.0123,0.44
1996,"July",7,"Q3",22,644.07,675.88,626.65,402266364,-0.2023,-5.32
1996,"August",8,"Q3",22,662.68,670.68,650.02,335469091,0.0873,0.3
1996,"September",9,"Q3",20,674.89,687.33,649.44,403203500,0.2656,4.98
1996,"October",10,"Q4",23,701.46,710.82,689.08,421898696,0.1098,2.35
1996,"November",11,"Q4",20,735.67,757.03,703.77,438192500,0.3558,7.57
1996,"December",12,"Q4",21,743.25,756.79,720.98,432817619,-0.0997,-2.09
1997,"January",1,"Q1",22,766.22,786.23,737.01,528901364,0.2736,6.67
1997,"February",2,"Q1",19,798.38,816.29,778.28,511364737,0.0345,0.52
1997,"March",3,"Q1",20,792.16,813.65,757.12,506038000,-0.2127,-4.8
1997,"April",4,"Q2",22,763.93,801.34,737.65,475221818,0.2648,5.49
1997,"May",5,"Q2",21,833.09,849.71,798.53,481269048,0.2761,6.23
1997,"June",6,"Q2",21,876.29,898.7,840.11,517045238,0.2071,4.58
1997,"July",7,"Q3",22,925.29,954.31,891.03,543550909,0.3466,7.1
1997,"August",8,"Q3",21,927.74,960.32,899.47,505052381,-0.2759,-5.03
1997,"September",9,"Q3",21,937.02,955.43,912.59,542047619,0.2528,2.12
1997,"October",10,"Q4",23,951.16,983.12,876.99,609446087,-0.1318,-4.27
1997,"November",11,"Q4",19,938.92,963.09,905.96,535453684,0.2366,1.75
1997,"December",12,"Q4",22,962.37,983.79,932.7,543585455,0.076,-0.45
1998,"January",1,"Q1",20,963.36,985.49,927.69,636691500,0.0567,0.54
1998,"February",2,"Q1",19,1023.74,1049.34,1001.27,613502632,0.3611,4.8
1998,"March",3,"Q1",22,1076.83,1105.65,1035.05,623617727,0.2243,5.16
1998,"April",4,"Q2",21,1112.2,1130.54,1085.11,650288571,0.0468,0.32
1998,"May",5,"Q2",20,1108.42,1122.07,1090.82,573857000,-0.0926,-2.69
1998,"June",6,"Q2",22,1108.39,1138.49,1077.01,615998636,0.1794,3.93
1998,"July",7,"Q3",22,1156.58,1186.75,1120.67,645218182,-0.0481,-2.43
1998,"August",8,"Q3",21,1074.62,1112.44,957.28,717692857,-0.7275,-13.95
1998,"September",9,"Q3",21,1020.64,1066.09,973.89,795908571,0.3117,2.29
1998,"October",10,"Q4",22,1032.47,1098.67,959.44,818256818,0.3627,11.38
1998,"November",11,"Q4",20,1144.43,1192.33,1110.84,672564000,0.2921,4.68
1998,"December",12,"Q4",22,1190.05,1241.81,1141.2,690065909,0.2567,4.59
1999,"January",1,"Q1",19,1248.77,1279.64,1212.19,853342105,0.2203,4.2
1999,"February",2,"Q1",19,1246.58,1273,1216.14,766097895,-0.1636,-2.72
1999,"March",3,"Q1",23,1281.66,1316.55,1225.5,782717391,0.1724,4.06
1999,"April",4,"Q2",21,1334.76,1362.8,1289.48,882057143,0.1837,3.2
1999,"May",5,"Q2",20,1332.07,1367.56,1281.41,794013000,-0.1187,-3.9
1999,"June",6,"Q2",22,1322.55,1372.71,1293.64,730871364,0.2464,6.06
1999,"July",7,"Q3",21,1380.99,1418.78,1328.72,730139524,-0.1512,-3.78
1999,"August",8,"Q3",22,1327.49,1381.79,1281.43,719025000,-0.0223,-0.58
1999,"September",9,"Q3",21,1318.17,1357.24,1268.37,782795238,-0.1315,-3.63
1999,"October",10,"Q4",21,1300.01,1362.93,1247.41,896761905,0.3004,6.25
1999,"November",11,"Q4",21,1391,1424.94,1347.74,875467619,0.0931,2.57
1999,"December",12,"Q4",22,1428.68,1469.25,1397.72,892758636,0.2583,5.12
2000,"January",1,"Q1",20,1425.59,1465.15,1360.16,1074720000,-0.2481,-4.18
2000,"February",2,"Q1",20,1388.87,1441.72,1333.36,1045600000,-0.094,-3.04
2000,"March",3,"Q1",23,1442.21,1527.46,1355.62,1137226087,0.4157,8.66
2000,"April",4,"Q2",19,1461.36,1516.35,1356.56,1058234737,-0.1435,-3.56
2000,"May",5,"Q2",22,1418.48,1468.25,1373.86,904468182,-0.0889,-3.25
2000,"June",6,"Q2",22,1461.96,1486,1441.48,988104545,0.1128,0.4
2000,"July",7,"Q3",20,1473,1510.49,1419.89,954455000,-0.0772,-2.63
2000,"August",8,"Q3",23,1485.46,1517.68,1438.1,885378261,0.2585,5.53
2000,"September",9,"Q3",20,1468.05,1520.77,1426.57,1041915000,-0.2708,-5.54
2000,"October",10,"Q4",22,1390.14,1436.28,1329.78,1179609091,-0.01,-0.48
2000,"November",11,"Q4",21,1375.04,1432.19,1314.95,977728571,-0.3964,-7.48
2000,"December",12,"Q4",20,1330.93,1380.2,1264.74,1180540000,0.0327,0.38
2001,"January",1,"Q1",21,1335.64,1373.73,1283.27,1325228571,0.1732,6.45
2001,"February",2,"Q1",19,1305.75,1373.47,1239.94,1139178947,-0.5038,-9.72
2001,"March",3,"Q1",22,1185.85,1264.74,1117.58,1263936818,-0.2852,-6.52
2001,"April",4,"Q2",20,1189.84,1253.69,1103.25,1270499500,0.3884,9.04
2001,"May",5,"Q2",22,1270.37,1312.83,1245.67,1114813636,0.0173,-0.84
2001,"June",6,"Q2",21,1238.71,1283.57,1208.43,1178477619,-0.1171,-2.88
2001,"July",7,"Q3",21,1204.45,1236.72,1171.65,1133033810,-0.0446,-2.06
2001,"August",8,"Q3",23,1178.5,1220.75,1129.03,1015617391,-0.2833,-6.77
2001,"September",9,"Q3",15,1044.64,1132.94,965.8,1668352667,-0.5442,-8.12
2001,"October",10,"Q4",23,1076.59,1104.61,1038.55,1302229565,0.0851,2.04
2001,"November",11,"Q4",21,1129.68,1157.42,1084.1,1253809524,0.3503,5.11
2001,"December",12,"Q4",20,1144.93,1170.35,1119.38,1256428500,0.0468,1.61
2002,"January",1,"Q1",21,1140.21,1172.51,1100.64,1416485714,-0.0695,-2.12
2002,"February",2,"Q1",19,1100.67,1122.2,1080.17,1370926316,-0.1037,-1.38
2002,"March",3,"Q1",20,1153.79,1170.29,1131.78,1328160000,0.1854,1.38
2002,"April",4,"Q2",22,1112.03,1146.54,1065.45,1298586364,-0.2828,-6.07
2002,"May",5,"Q2",22,1079.27,1106.59,1049.49,1222977273,-0.0322,-1.78
2002,"June",6,"Q2",20,1014.05,1049.9,973.53,1499075500,-0.3651,-4.89
2002,"July",7,"Q3",22,903.59,989.03,797.7,1919487273,-0.3372,-5.89
2002,"August",8,"Q3",22,912.55,962.7,834.6,1331745455,0.0789,3.55
2002,"September",9,"Q3",20,867.81,909.58,815.28,1386185500,-0.5698,-7.15
2002,"October",10,"Q4",23,854.63,899.72,776.76,1645926522,0.4062,4.46
2002,"November",11,"Q4",20,909.93,938.87,876.19,1460048000,0.2886,3.92
2002,"December",12,"Q4",21,899.18,934.53,875.4,1237792381,-0.2841,-5.85
2003,"January",1,"Q1",21,895.84,931.66,844.61,1464265714,-0.1201,-5.87
2003,"February",2,"Q1",19,837.62,860.32,817.37,1328173684,-0.0835,-2.23
2003,"March",3,"Q1",21,846.62,895.79,800.73,1432382381,0.0533,1.6
2003,"April",4,"Q2",21,890.03,919.02,858.48,1412838571,0.3783,6.81
2003,"May",5,"Q2",21,935.96,963.59,916.3,1473909524,0.2417,5.16
2003,"June",6,"Q2",21,988,1011.66,967,1486638095,0.0584,0.78
2003,"July",7,"Q3",22,992.54,1007.84,978.8,1434236364,0.0782,0.81
2003,"August",8,"Q3",21,989.53,1008.01,965.46,1184831905,0.0867,2.84
2003,"September",9,"Q3",21,1019.44,1039.58,995.97,1425719524,-0.0528,-2.55
2003,"October",10,"Q4",23,1038.73,1050.71,1018.22,1404282609,0.2357,3.19
2003,"November",11,"Q4",19,1049.9,1059.02,1033.65,1287537895,0.0396,-0.08
2003,"December",12,"Q4",22,1080.64,1111.92,1059.05,1265415000,0.2271,3.91
2004,"January",1,"Q1",20,1132.52,1155.37,1108.48,1.641e+09,0.0881,2.04
2004,"February",2,"Q1",19,1143.36,1157.76,1126.52,1472926316,0.0614,0.85
2004,"March",3,"Q1",23,1123.98,1156.86,1091.33,1460778261,-0.0674,-2.57
2004,"April",4,"Q2",21,1133.08,1150.57,1107.3,1505328571,-0.0775,-2.2
2004,"May",5,"Q2",20,1102.78,1121.53,1084.1,1466320000,0.0625,0.29
2004,"June",6,"Q2",21,1132.76,1144.06,1116.64,1310928571,0.0867,1.75
2004,"July",7,"Q3",21,1105.85,1128.94,1084.07,1394552381,-0.1643,-2.41
2004,"August",8,"Q3",22,1088.93,1107.77,1063.23,1208490909,0.0137,-0.22
2004,"September",9,"Q3",21,1117.66,1129.3,1103.52,1277612857,0.0461,0.78
2004,"October",10,"Q4",21,1118.07,1142.05,1094.8,1500523810,0.0694,-0.11
2004,"November",11,"Q4",21,1168.94,1184.17,1130.51,1450489524,0.1824,3.83
2004,"December",12,"Q4",22,1199.21,1213.55,1177.07,1413750000,0.147,1.72
2005,"January",1,"Q1",20,1181.41,1202.08,1163.75,1574940000,-0.126,-1.73
2005,"February",2,"Q1",19,1199.63,1211.37,1184.16,1541968947,0.1008,1.19
2005,"March",3,"Q1",22,1194.9,1225.31,1165.36,1773370455,-0.0858,-2.46
2005,"April",4,"Q2",21,1164.43,1191.14,1137.5,2067822381,-0.0915,-1.37
2005,"May",5,"Q2",21,1178.28,1198.78,1154.05,1872475714,0.1426,2.52
2005,"June",6,"Q2",22,1202.25,1216.96,1190.69,1833365455,6e-04,-0.91
2005,"July",7,"Q3",20,1222.24,1243.72,1194.44,1873233500,0.1783,3.33
2005,"August",8,"Q3",23,1224.27,1245.04,1205.1,1827395217,-0.0476,-1.22
2005,"September",9,"Q3",21,1225.91,1241.48,1210.2,2132262381,0.0318,0.59
2005,"October",10,"Q4",21,1191.96,1226.7,1176.84,2371132857,-0.0809,-1.61
2005,"November",11,"Q4",21,1237.37,1268.25,1202.76,2147755714,0.166,3.88
2005,"December",12,"Q4",21,1262.07,1272.74,1248.29,1988387143,-0.0035,-1.3
2006,"January",1,"Q1",20,1278.72,1294.18,1261.49,2460582500,0.128,0.89
2006,"February",2,"Q1",19,1276.65,1294.12,1254.78,2255786316,0.0039,-0.14
2006,"March",3,"Q1",23,1293.73,1307.25,1272.23,2213262609,0.0486,0.28
2006,"April",4,"Q2",19,1302.17,1311.56,1285.33,2279391053,0.0313,0.99
2006,"May",5,"Q2",22,1290.01,1325.76,1256.58,2468765000,-0.1307,-2.69
2006,"June",6,"Q2",22,1253.17,1288.22,1223.69,2494239091,0.0144,-1.21
2006,"July",7,"Q3",20,1260.23,1280.19,1234.49,2317411000,0.0338,-0.28
2006,"August",8,"Q3",23,1287.15,1305.37,1265.95,2195026957,0.096,2.59
2006,"September",9,"Q3",20,1317.74,1338.88,1294.02,2450072000,0.1235,1.89
2006,"October",10,"Q4",22,1363.38,1389.08,1331.32,2581528182,0.146,3.5
2006,"November",11,"Q4",21,1388.63,1406.09,1364.3,2635425238,0.0907,2.4
2006,"December",12,"Q4",20,1416.42,1427.09,1396.71,2378939000,0.0701,1.55
2007,"January",1,"Q1",20,1424.16,1440.13,1409.71,2834310000,0.0877,1.53
2007,"February",2,"Q1",19,1444.79,1459.68,1399.04,2728683684,-0.101,-2.71
2007,"March",3,"Q1",22,1406.95,1437.5,1374.12,3073738636,0.0538,1.26
2007,"April",4,"Q2",20,1463.64,1495.42,1424.55,2851623500,0.2176,4.06
2007,"May",5,"Q2",22,1511.14,1530.62,1486.3,2952638636,0.1564,2.98
2007,"June",6,"Q2",21,1514.49,1539.18,1490.72,3110609524,-0.0765,-2.15
2007,"July",7,"Q3",21,1520.7,1553.08,1455.27,3349401429,-0.1488,-4.22
2007,"August",8,"Q3",23,1454.62,1497.49,1406.7,3973120000,0.0753,0.56
2007,"September",9,"Q3",19,1497.12,1531.38,1451.7,3042615789,0.1905,2.51
2007,"October",10,"Q4",23,1539.66,1565.15,1500.63,3305329565,0.0293,0.15
2007,"November",11,"Q4",21,1463.39,1520.27,1407.22,4106997619,-0.1804,-1.81
2007,"December",12,"Q4",20,1479.22,1515.96,1445.9,3241083500,-0.0589,-0.28
2008,"January",1,"Q1",21,1378.76,1447.16,1310.5,4689301905,-0.2366,-4.74
2008,"February",2,"Q1",20,1354.87,1395.42,1326.45,3926806500,-0.192,-4.64
2008,"March",3,"Q1",20,1316.94,1352.99,1273.37,4659458500,0.0204,-0.65
2008,"April",4,"Q2",22,1370.47,1397.84,1328.32,3908119545,0.1948,1.12
2008,"May",5,"Q2",21,1403.22,1426.63,1375.93,3856689524,0.0544,-0.64
2008,"June",6,"Q2",21,1341.25,1404.05,1278.38,4600668571,-0.3658,-7.63
2008,"July",7,"Q3",22,1257.33,1284.91,1214.91,5680935000,-0.0202,-1.36
2008,"August",8,"Q3",21,1281.47,1305.32,1249.01,4107905238,0.1291,1.79
2008,"September",9,"Q3",21,1217.02,1277.58,1106.42,6667015238,-0.4109,-8.71
2008,"October",10,"Q4",23,968.8,1161.06,848.92,6948827391,-0.6466,-16.56
2008,"November",11,"Q4",19,883.04,1005.75,752.44,6087379474,-0.3062,-7.25
2008,"December",12,"Q4",22,877.56,913.18,816.21,5131112273,0.0822,10.66
2009,"January",1,"Q1",20,865.58,934.7,805.22,5604532000,-0.3069,-11.37
2009,"February",2,"Q1",19,805.23,869.89,735.09,6552221579,-0.4521,-10.95
2009,"March",3,"Q1",22,757.13,832.86,676.53,7356529091,0.4243,13.85
2009,"April",4,"Q2",21,848.15,873.64,811.08,6612158095,0.4751,7.61
2009,"May",5,"Q2",20,902.41,929.23,877.52,6580747000,0.2979,4.74
2009,"June",6,"Q2",22,926.12,946.21,893.04,5120597727,0.0066,-2.5
2009,"July",7,"Q3",22,935.82,987.48,879.13,4847081364,0.3619,6.95
2009,"August",8,"Q3",21,1009.72,1030.98,979.73,5526631905,0.1942,1.79
2009,"September",9,"Q3",21,1044.55,1071.66,994.75,5347404286,0.1566,5.92
2009,"October",10,"Q4",22,1067.66,1097.91,1025.21,5155045000,-0.1069,0.62
2009,"November",11,"Q4",20,1088.07,1110.63,1042.88,4249076500,0.2899,5.06
2009,"December",12,"Q4",22,1110.38,1127.78,1091.94,4068878636,0.0195,0.56
2010,"January",1,"Q1",19,1123.58,1150.23,1073.87,4786714737,-0.1744,-5.22
2010,"February",2,"Q1",19,1089.16,1109.17,1056.74,4450596842,0.1606,1.4
2010,"March",3,"Q1",23,1152.05,1174.17,1115.71,4507980435,0.2304,4.81
2010,"April",4,"Q2",21,1197.32,1217.28,1178.1,5559138571,0.0817,0.73
2010,"May",5,"Q2",20,1125.06,1202.26,1067.95,6383139000,-0.3404,-9.39
2010,"June",6,"Q2",22,1083.36,1117.51,1030.71,5004852273,-0.2637,-3.74
2010,"July",7,"Q3",21,1079.8,1115.01,1022.58,4513243333,0.2894,7.23
2010,"August",8,"Q3",22,1087.28,1127.79,1047.22,3897193182,-0.1137,-6.8
2010,"September",9,"Q3",21,1122.08,1148.67,1080.29,3789973810,0.3505,5.64
2010,"October",10,"Q4",21,1171.58,1185.64,1137.03,4263631905,0.14,3.23
2010,"November",11,"Q4",21,1198.89,1225.85,1178.34,4150050952,0.0562,-0.32
2010,"December",12,"Q4",22,1241.53,1259.78,1206.07,3681115000,0.2167,4.28
2011,"January",1,"Q1",20,1282.62,1299.54,1269.75,4608247000,0.1015,1.12
2011,"February",2,"Q1",19,1321.12,1343.01,1304.03,3117034737,0.2135,1.5
2011,"March",3,"Q1",23,1304.49,1330.97,1256.88,3891636522,-0.0063,1.49
2011,"April",4,"Q2",20,1331.51,1363.61,1305.14,3868240500,0.1102,2.34
2011,"May",5,"Q2",21,1338.31,1361.22,1316.28,3890903810,-0.0339,-1.18
2011,"June",6,"Q2",22,1287.29,1320.64,1265.42,3914669545,-0.0818,0.46
2011,"July",7,"Q3",20,1325.18,1353.22,1292.28,4055108500,-0.1097,-3.54
2011,"August",8,"Q3",23,1185.31,1286.94,1119.46,4713876957,-0.1973,-5.29
2011,"September",9,"Q3",21,1173.88,1216.01,1129.56,4894610476,-0.3348,-6.06
2011,"October",10,"Q4",21,1207.22,1285.09,1099.23,4669698571,0.4921,14.02
2011,"November",11,"Q4",21,1226.41,1275.92,1158.67,4013097619,-0.0048,2.35
2011,"December",12,"Q4",21,1243.32,1265.43,1205.35,3559163333,0.039,1.05
2012,"January",1,"Q1",20,1300.58,1326.06,1277.06,3978378000,0.2085,2.77
2012,"February",2,"Q1",20,1352.49,1372.18,1324.09,3919285500,0.2073,3.14
2012,"March",3,"Q1",22,1389.24,1416.51,1343.36,3813620909,0.143,2.5
2012,"April",4,"Q2",20,1386.43,1419.04,1358.59,3738085500,-0.032,-1.49
2012,"May",5,"Q2",22,1341.27,1405.82,1295.22,3950931364,-0.2809,-6.79
2012,"June",6,"Q2",21,1323.48,1362.16,1278.04,3884878095,0.1833,6.58
2012,"July",7,"Q3",21,1359.78,1385.97,1334.76,3481133810,0.0639,1.01
2012,"August",8,"Q3",23,1403.45,1418.16,1365,3055817826,0.0849,2.27
2012,"September",9,"Q3",19,1443.42,1465.77,1403.44,3672856842,0.1287,2.54
2012,"October",10,"Q4",21,1437.82,1461.4,1408.75,3416777143,-0.0968,-2.24
2012,"November",11,"Q4",21,1394.51,1428.39,1353.33,3404252857,0.0194,-0.8
2012,"December",12,"Q4",20,1422.29,1446.79,1402.43,3319409000,0.0365,1.19
2013,"January",1,"Q1",21,1480.4,1507.84,1457.15,3611833810,0.2364,2.44
2013,"February",2,"Q1",19,1512.31,1530.94,1487.85,3645972632,0.0612,0.1
2013,"March",3,"Q1",20,1550.83,1569.19,1518.2,3426355500,0.1778,3.36
2013,"April",4,"Q2",22,1570.7,1597.57,1541.61,3504454545,0.0848,2.27
2013,"May",5,"Q2",22,1639.84,1669.16,1582.7,3474875000,0.1301,3.04
2013,"June",6,"Q2",20,1618.77,1651.81,1573.09,3747339500,-0.0982,-2.08
2013,"July",7,"Q3",22,1668.68,1695.53,1614.08,3095764545,0.1732,4.38
2013,"August",8,"Q3",22,1670.09,1709.67,1630.48,2945582273,-0.1164,-4.33
2013,"September",9,"Q3",20,1687.17,1725.52,1639.77,3308720500,0.1071,2.55
2013,"October",10,"Q4",23,1720.03,1771.95,1655.45,3332495652,0.1827,3.63
2013,"November",11,"Q4",20,1783.54,1807.23,1747.15,3181409500,0.1151,2.51
2013,"December",12,"Q4",21,1807.78,1848.36,1775.32,3093277143,0.0749,2.64
2014,"January",1,"Q1",21,1822.36,1848.38,1774.2,3612948095,-0.1816,-2.7
2014,"February",2,"Q1",19,1817.03,1859.45,1741.89,3669767895,0.2233,6.75
2014,"March",3,"Q1",21,1863.52,1878.04,1841.13,3423096667,0.0012,1.44
2014,"April",4,"Q2",21,1864.26,1890.9,1815.69,3409324286,-0.0108,-0.08
2014,"May",5,"Q2",21,1889.77,1923.57,1867.72,3029696667,0.0931,2.12
2014,"June",6,"Q2",21,1947.09,1962.87,1924.24,3013494286,0.1012,1.83
2014,"July",7,"Q3",22,1973.1,1987.98,1930.67,3023849545,-0.076,-2.16
2014,"August",8,"Q3",21,1961.53,2003.37,1909.57,2768149524,0.1462,4.06
2014,"September",9,"Q3",21,1993.23,2011.36,1965.99,3176476190,-0.0569,-1.5
2014,"October",10,"Q4",23,1937.27,2018.05,1862.49,4074523478,0.0994,3.69
2014,"November",11,"Q4",19,2044.57,2072.83,2012.1,3347378421,0.1121,2.47
2014,"December",12,"Q4",22,2054.27,2090.57,1972.74,3670173636,-0.0187,0.27
2015,"January",1,"Q1",20,2028.18,2063.15,1992.67,3866502000,-0.154,-3.07
2015,"February",2,"Q1",19,2082.2,2115.48,2020.85,3619766316,0.2738,4.14
2015,"March",3,"Q1",22,2079.99,2117.39,2040.24,3485265909,-0.0702,-2.34
2015,"April",4,"Q2",21,2094.86,2117.69,2059.69,3431473333,0.0414,1.25
2015,"May",5,"Q2",20,2111.94,2130.82,2080.15,3259386500,0.042,-0.04
2015,"June",6,"Q2",22,2099.28,2124.2,2057.64,3327908182,-0.0992,-2.3
2015,"July",7,"Q3",22,2094.14,2128.28,2046.68,3541845000,0.0575,1.27
2015,"August",8,"Q3",21,2039.87,2104.18,1867.61,4029847143,-0.2867,-6
2015,"September",9,"Q3",21,1944.4,1995.31,1881.77,3809017619,-0.1391,0.32
2015,"October",10,"Q4",22,2024.81,2090.35,1923.82,3902040909,0.3473,8.08
2015,"November",11,"Q4",20,2080.62,2109.79,2023.04,3797179500,0.0189,-1.12
2015,"December",12,"Q4",22,2054.08,2102.63,2005.55,3802239091,-0.0887,-2.79
2016,"January",1,"Q1",19,1918.6,2016.71,1859.33,4863672105,-0.2975,-3.6
2016,"February",2,"Q1",20,1904.42,1951.7,1829.08,4652478000,-0.0154,-0.37
2016,"March",3,"Q1",22,2021.95,2063.95,1978.35,4210882727,0.3192,4.11
2016,"April",4,"Q2",21,2075.54,2102.4,2041.91,3863094762,0.0237,-0.36
2016,"May",5,"Q2",21,2065.55,2099.06,2040.04,3756361905,0.0718,0.75
2016,"June",6,"Q2",22,2083.89,2119.12,2000.54,3947850000,0.0239,-0.02
2016,"July",7,"Q3",20,2148.9,2175.03,2088.55,3476512500,0.1534,3.36
2016,"August",8,"Q3",23,2177.48,2190.15,2157.03,3287404783,-0.0056,0.01
2016,"September",9,"Q3",21,2157.69,2186.48,2125.77,3667791429,0.0081,-0.12
2016,"October",10,"Q4",21,2143.02,2163.66,2126.15,3472168095,-0.1469,-1.62
2016,"November",11,"Q4",21,2164.99,2213.35,2085.18,4211684762,0.1466,4.12
2016,"December",12,"Q4",21,2246.63,2271.72,2191.08,3587835714,0.0237,2.18
2017,"January",1,"Q1",20,2275.12,2298.37,2257.83,3528821000,0.0701,0.93
2017,"February",2,"Q1",19,2329.91,2369.75,2279.55,3645312632,0.1859,3.69
2017,"March",3,"Q1",23,2366.82,2395.96,2341.59,3550609130,-5e-04,-1.39
2017,"April",4,"Q2",19,2359.31,2388.77,2328.95,3440518947,-0.0351,1.08
2017,"May",5,"Q2",22,2395.35,2415.82,2357.03,3623611818,0.037,0.98
2017,"June",6,"Q2",22,2433.99,2453.46,2419.38,3685400455,-0.028,-0.27
2017,"July",7,"Q3",20,2454.1,2477.83,2409.75,3167404500,0.0438,1.7
2017,"August",8,"Q3",23,2456.22,2480.91,2425.55,3077604348,-0.0205,-0.19
2017,"September",9,"Q3",20,2492.84,2519.36,2457.85,3331206000,0.0603,1.73
2017,"October",10,"Q4",22,2557,2581.07,2529.12,3231297727,0.0472,1.82
2017,"November",11,"Q4",21,2593.61,2647.58,2564.62,3496045714,0.127,2.64
2017,"December",12,"Q4",20,2664.34,2690.16,2629.27,3276585000,-0.0642,1.19
2018,"January",1,"Q1",21,2789.8,2872.87,2695.81,3681842381,0.1512,4.75
2018,"February",2,"Q1",19,2705.16,2821.98,2581,4207051053,-0.1727,-3.83
2018,"March",3,"Q1",21,2702.77,2786.57,2588.26,3657328095,-0.1841,-1.37
2018,"April",4,"Q2",21,2653.63,2708.64,2581.88,3342604762,-0.1458,2.56
2018,"May",5,"Q2",22,2701.49,2733.29,2629.73,3455082727,0.0908,1.9
2018,"June",6,"Q2",21,2754.35,2786.85,2699.63,3709112381,-0.0219,-0.59
2018,"July",7,"Q3",21,2793.64,2846.07,2713.22,3090395238,0.1494,3.29
2018,"August",8,"Q3",23,2857.82,2914.04,2813.36,3022742174,0.1153,3.13
2018,"September",9,"Q3",19,2901.5,2930.75,2871.68,3317447895,-0.0018,0.6
2018,"October",10,"Q4",23,2785.46,2925.51,2641.25,3996999130,-0.3725,-7.28
2018,"November",11,"Q4",21,2723.23,2813.89,2632.56,3839048571,0.1355,0.72
2018,"December",12,"Q4",19,2567.31,2790.37,2351.1,4429588421,-0.491,-10.16
2019,"January",1,"Q1",21,2607.39,2704.1,2447.89,3850470000,0.3696,7.73
2019,"February",2,"Q1",19,2754.86,2796.11,2706.05,3717830000,0.173,2.88
2019,"March",3,"Q1",21,2803.98,2854.88,2743.07,3769507619,0.0162,1.1
2019,"April",4,"Q2",21,2903.8,2945.83,2867.19,3337636667,0.1036,2.74
2019,"May",5,"Q2",22,2854.71,2945.64,2752.06,3511397273,-0.0224,-5.87
2019,"June",6,"Q2",20,2890.17,2954.18,2744.45,3562531500,0.0908,7.19
2019,"July",7,"Q3",22,2996.11,3025.86,2964.33,3209066818,0.012,0.54
2019,"August",8,"Q3",22,2897.45,2953.56,2840.6,3648600909,-0.125,-0.92
2019,"September",9,"Q3",20,2982.16,3009.57,2906.27,3708949000,0.0039,2.42
2019,"October",10,"Q4",23,2977.68,3046.77,2887.61,3379158261,0.0255,3.31
2019,"November",11,"Q4",20,3104.9,3153.63,3066.91,3620531000,0.1084,2.42
2019,"December",12,"Q4",21,3176.75,3240.02,3093.2,3444073333,0.0478,3.75
2020,"January",1,"Q1",21,3278.2,3329.62,3225.52,3680380000,0.0454,-0.99
2020,"February",2,"Q1",19,3277.31,3386.15,2954.22,4444031053,-0.2592,-9.07
2020,"March",3,"Q1",22,2652.39,3130.12,2237.4,7372062727,-0.0066,-16.36
2020,"April",4,"Q2",21,2761.98,2939.51,2470.5,5886102857,0.1411,17.89
2020,"May",5,"Q2",20,2919.61,3044.31,2820,5356759500,0.0026,7.55
2020,"June",6,"Q2",22,3104.66,3232.39,3002.1,5975403636,-0.0428,1.46
2020,"July",7,"Q3",22,3207.62,3276.02,3115.86,4405824091,0.1284,4.98
2020,"August",8,"Q3",21,3391.71,3508.01,3294.61,3926977143,0.2029,6.24
2020,"September",9,"Q3",21,3365.52,3580.84,3236.92,4395751429,-0.2396,-4.64
2020,"October",10,"Q4",22,3418.7,3534.22,3269.96,4088135455,-0.129,-3.28
2020,"November",11,"Q4",20,3548.99,3638.35,3310.24,5062359000,0.1651,9.41
2020,"December",12,"Q4",22,3695.31,3756.07,3647.49,4380712727,0.0908,2.56
2021,"January",1,"Q1",19,3793.75,3855.36,3700.65,5585147368,-0.0924,0.37
2021,"February",2,"Q1",19,3883.43,3934.83,3773.86,5214858947,0.1243,0.99
2021,"March",3,"Q1",23,3910.51,3974.54,3768.47,5320484783,0.099,1.82
2021,"April",4,"Q2",21,4141.18,4211.47,4019.87,3958290000,0.1787,4.01
2021,"May",5,"Q2",20,4167.85,4232.6,4063.04,4416093000,0.0148,0.27
2021,"June",6,"Q2",22,4238.49,4297.5,4166.45,4661099091,0.0363,2.27
2021,"July",7,"Q3",21,4363.71,4422.3,4258.49,4012172381,0.1327,1.74
2021,"August",8,"Q3",22,4453.97,4528.79,4387.16,3659125455,0.1161,3.09
2021,"September",9,"Q3",21,4445.54,4536.95,4307.54,4072802857,-0.2625,-4.79
2021,"October",10,"Q4",21,4460.71,4605.38,4300.46,3821600000,0.2481,5.7
2021,"November",11,"Q4",21,4667.39,4704.54,4567,4203278095,-0.0752,-1.01
2021,"December",12,"Q4",22,4674.77,4793.06,4513.04,4215917273,0.1127,5.61
2022,"January",1,"Q1",20,4573.82,4796.56,4326.51,4778144500,-0.2398,-5.86
2022,"February",2,"Q1",19,4435.98,4589.38,4225.5,4877247895,-0.0081,-3.8
2022,"March",3,"Q1",23,4391.27,4631.6,4170.7,5371576522,0.0701,5.21
2022,"April",4,"Q2",20,4391.3,4582.64,4131.93,4518392000,-0.4095,-9.11
2022,"May",5,"Q2",21,4040.36,4300.17,3900.79,5183828095,0.0725,-0.56
2022,"June",6,"Q2",21,3898.95,4176.82,3666.77,5053176667,-0.2456,-7.7
2022,"July",7,"Q3",20,3911.73,4130.29,3790.38,4084416000,0.4766,7.97
2022,"August",8,"Q3",23,4158.56,4305.2,3955,4010971739,-0.1417,-3.97
2022,"September",9,"Q3",21,3850.52,4110.41,3585.62,4487667619,-0.2714,-9.61
2022,"October",10,"Q4",21,3726.05,3901.06,3577.03,4563036190,0.378,5.26
2022,"November",11,"Q4",21,3917.49,4080.11,3719.89,4412948095,0.0718,5.81
2022,"December",12,"Q4",21,3912.38,4076.57,3783.22,4059491905,-0.2411,-5.82
2023,"January",1,"Q1",20,3960.66,4076.6,3808.1,4038190500,0.3071,6.6
2023,"February",2,"Q1",19,4079.68,4179.76,3970.04,4231172632,0.0078,-3.62
2023,"March",3,"Q1",23,3968.56,4109.31,3855.76,4917165217,0.0897,4
2023,"April",4,"Q2",19,4121.47,4169.48,4055.99,3729540000,0.1165,1.09
2023,"May",5,"Q2",22,4146.17,4205.52,4061.22,3872274545,-0.053,0.29
2023,"June",6,"Q2",21,4345.37,4450.38,4221.02,4189673333,0.2762,5.43
2023,"July",7,"Q3",20,4508.08,4588.96,4398.95,3753160000,0.0604,2.99
2023,"August",8,"Q3",23,4457.36,4576.73,4369.71,3775687826,-0.0873,-1.51
2023,"September",9,"Q3",20,4409.09,4515.77,4273.53,3674149000,-0.2267,-5.04
2023,"October",10,"Q4",22,4269.4,4376.95,4117.37,3796339091,-0.0525,-2.21
2023,"November",11,"Q4",21,4460.06,4567.8,4237.86,3855741429,0.2441,7.79
2023,"December",12,"Q4",20,4685.05,4783.35,4549.34,4076533500,0.1977,3.81
2024,"January",1,"Q1",21,4804.49,4927.93,4688.68,3892280000,0.0882,2.17
2024,"February",2,"Q1",20,5011.96,5096.27,4906.19,4103346500,0.1669,3.87
2024,"March",3,"Q1",20,5170.57,5254.35,5078.65,4314975500,0.0534,2.28
2024,"April",4,"Q2",22,5112.49,5243.77,4967.23,3715780455,-0.2363,-3.97
2024,"May",5,"Q2",22,5235.23,5321.41,5018.39,3947714545,0.0784,5.16
2024,"June",6,"Q2",19,5415.14,5487.03,5283.4,4001348421,0.1083,3.35
2024,"July",7,"Q3",22,5538,5667.2,5399.22,3643654091,-0.081,0.86
2024,"August",8,"Q3",22,5478.21,5648.4,5186.33,3686240909,0.0839,3.7
2024,"September",9,"Q3",20,5621.26,5762.48,5408.42,3978241500,-0.0563,4.22
2024,"October",10,"Q4",23,5792.32,5864.67,5695.94,3583149130,-0.0812,-0.06
2024,"November",11,"Q4",20,5929.92,6032.38,5712.69,4205099000,0.158,5.3
2024,"December",12,"Q4",21,6010.91,6090.27,5867.08,4098328571,-0.118,-2.74
2025,"January",1,"Q1",20,5979.52,6118.71,5827.04,4431969000,0.0175,2.93
2025,"February",2,"Q1",19,6038.69,6144.15,5861.57,4858789474,-0.0078,-0.67
2025,"March",3,"Q1",21,5683.98,5849.72,5521.52,5304155714,-0.1348,-4.07
2025,"April",4,"Q2",21,5369.5,5670.97,4982.77,5663637143,0.3276,-1.14
2025,"May",5,"Q2",21,5810.92,5963.6,5604.14,5016488571,0.1466,5.49
2025,"June",6,"Q2",20,6029.95,6204.95,5935.94,5322815000,0.1188,4.53
2025,"July",7,"Q3",22,6296.5,6389.77,6198.01,5182040455,-0.0212,2.28
2025,"August",8,"Q3",21,6408.95,6501.86,6238.01,4731049048,0.0628,3.56
2025,"September",9,"Q3",21,6584.02,6693.75,6415.54,5432124286,0.0516,4.25
2025,"October",10,"Q4",23,6735.69,6890.89,6552.51,5637463478,-0.0974,1.92
2025,"November",11,"Q4",19,6740.89,6851.97,6538.76,5309482632,-0.0266,-0.04
2025,"December",12,"Q4",22,6853.03,6932.05,6721.43,4542222273,-0.0245,0.48
2026,"January",1,"Q1",20,6929.12,6978.6,6796.86,5422830000,0.0108,1.17
2026,"February",2,"Q1",17,6893.8,6976.44,6798.4,5948844118,0.0214,-0.43
